idx	sing	plur	freq	inVocabs
_	abandons	abandon	_	0
_	abates	abate	_	0
_	abbreviates	abbreviate	_	0
_	abdicates	abdicate	_	0
_	abducts	abduct	_	0
_	abhors	abhor	_	0
_	abides	abide	_	0
_	abolishes	abolish	_	0
_	aborts	abort	_	0
_	abounds	abound	_	0
_	abridges	abridge	_	0
_	absconds	abscond	_	0
_	absolves	absolve	_	0
_	absorbs	absorb	_	0
_	abstains	abstain	_	0
_	abstracts	abstract	_	0
_	abuses	abuse	_	1
_	accedes	accede	_	0
_	accelerates	accelerate	_	0
_	accents	accent	_	1
_	accentuates	accentuate	_	0
_	accepts	accept	_	1
_	accesses	access	_	0
_	accessorizes	accessorize	_	0
_	acclaims	acclaim	_	0
_	acclimates	acclimate	_	0
_	acclimatizes	acclimatize	_	0
_	accommodates	accommodate	_	0
_	accomodates	accomodate	_	0
_	accompanies	accompany	_	0
_	accomplishes	accomplish	_	0
_	accords	accord	_	0
_	accosts	accost	_	0
_	accounts	account	_	1
_	accredits	accredit	_	0
_	accrues	accrue	_	0
_	acculturates	acculturate	_	0
_	accumulates	accumulate	_	0
_	accuses	accuse	_	0
_	accustoms	accustom	_	0
_	acerbates	acerbate	_	0
_	aches	ache	_	0
_	achieves	achieve	_	0
_	acidifies	acidify	_	0
_	acknowledges	acknowledge	_	1
_	acquaints	acquaint	_	0
_	acquiesces	acquiesce	_	0
_	acquires	acquire	_	0
_	acquits	acquit	_	0
_	activates	activate	_	0
_	acts	act	_	1
_	actualizes	actualize	_	0
_	adapts	adapt	_	0
_	addresses	address	_	1
_	adds	add	_	1
_	adheres	adhere	_	0
_	adjoins	adjoin	_	0
_	adjourns	adjourn	_	0
_	adjudicates	adjudicate	_	0
_	adjusts	adjust	_	0
_	administers	administer	_	0
_	administrates	administrate	_	0
_	admires	admire	_	0
_	admits	admit	_	1
_	admonishes	admonish	_	0
_	adopts	adopt	_	0
_	adores	adore	_	0
_	adorns	adorn	_	0
_	adsorbs	adsorb	_	0
_	adulates	adulate	_	0
_	advances	advance	_	1
_	advantages	advantage	_	1
_	advertises	advertise	_	0
_	advises	advise	_	1
_	advocates	advocate	_	1
_	affects	affect	_	1
_	affiliates	affiliate	_	1
_	affirms	affirm	_	0
_	affixes	affix	_	0
_	afflicts	afflict	_	0
_	affords	afford	_	0
_	affronts	affront	_	0
_	ages	age	_	1
_	aggravates	aggravate	_	0
_	aggregates	aggregate	_	0
_	aggrieves	aggrieve	_	0
_	agitates	agitate	_	0
_	agonizes	agonize	_	0
_	agrees	agree	_	1
_	aids	aid	_	1
_	ails	ail	_	0
_	aims	aim	_	1
_	airbrushes	airbrush	_	0
_	airdrops	airdrop	_	0
_	airlifts	airlift	_	0
_	airmails	airmail	_	0
_	airs	air	_	1
_	alarms	alarm	_	1
_	alerts	alert	_	0
_	alienates	alienate	_	0
_	aligns	align	_	0
_	allays	allay	_	0
_	alleges	allege	_	0
_	alleviates	alleviate	_	0
_	allies	ally	_	1
_	allocates	allocate	_	0
_	allots	allot	_	0
_	alloweds	allowed	_	0
_	allows	allow	_	1
_	alludes	allude	_	0
_	allures	allure	_	0
_	alphabetizes	alphabetize	_	0
_	alternates	alternate	_	0
_	alters	alter	_	0
_	amalgamates	amalgamate	_	0
_	amasses	amass	_	0
_	amazes	amaze	_	0
_	ambles	amble	_	0
_	ambushes	ambush	_	0
_	amends	amend	_	0
_	amortizes	amortize	_	0
_	amounts	amount	_	1
_	amplifies	amplify	_	0
_	amputates	amputate	_	0
_	amuses	amuse	_	0
_	analogizes	analogize	_	0
_	analyzes	analyze	_	0
_	anchors	anchor	_	1
_	anesthetizes	anesthetize	_	0
_	angers	anger	_	0
_	anguishes	anguish	_	0
_	animates	animate	_	0
_	annexes	annex	_	0
_	annihilates	annihilate	_	0
_	annotates	annotate	_	0
_	announces	announce	_	1
_	annoys	annoy	_	0
_	annualizes	annualize	_	0
_	annuls	annul	_	0
_	annunciates	annunciate	_	0
_	anoints	anoint	_	0
_	answers	answer	_	1
_	antagonizes	antagonize	_	0
_	anticipates	anticipate	_	0
_	antiquates	antiquate	_	0
_	apologizes	apologize	_	0
_	appalls	appall	_	0
_	appeals	appeal	_	1
_	appears	appear	_	1
_	appeases	appease	_	0
_	appends	append	_	0
_	appertains	appertain	_	0
_	applauds	applaud	_	0
_	applies	apply	_	1
_	appoints	appoint	_	0
_	appraises	appraise	_	0
_	appreciates	appreciate	_	0
_	apprehends	apprehend	_	0
_	apprentices	apprentice	_	0
_	apprises	apprise	_	0
_	approaches	approach	_	1
_	appropriates	appropriate	_	0
_	approves	approve	_	0
_	approximates	approximate	_	0
_	arbitrages	arbitrage	_	0
_	arbitrates	arbitrate	_	0
_	archives	archive	_	1
_	argues	argue	_	1
_	arises	arise	_	1
_	armors	armor	_	0
_	arms	arm	_	1
_	aromatizes	aromatize	_	0
_	arouses	arouse	_	0
_	arraigns	arraign	_	0
_	arranges	arrange	_	0
_	arrests	arrest	_	1
_	arrives	arrive	_	1
_	articulates	articulate	_	0
_	ascends	ascend	_	0
_	ascertains	ascertain	_	0
_	ascribes	ascribe	_	0
_	asks	ask	_	1
_	aspirates	aspirate	_	0
_	aspires	aspire	_	0
_	assails	assail	_	0
_	assassinates	assassinate	_	0
_	assaults	assault	_	1
_	assays	assay	_	0
_	assembles	assemble	_	0
_	assents	assent	_	0
_	asserts	assert	_	1
_	assesses	assess	_	0
_	assigns	assign	_	1
_	assimilates	assimilate	_	0
_	assists	assist	_	1
_	associates	associate	_	1
_	assorts	assort	_	0
_	assuages	assuage	_	0
_	assumes	assume	_	1
_	assures	assure	_	0
_	astonishes	astonish	_	0
_	astounds	astound	_	0
_	atones	atone	_	0
_	attaches	attach	_	0
_	attacks	attack	_	1
_	attains	attain	_	0
_	attempts	attempt	_	1
_	attends	attend	_	1
_	attentions	attention	_	0
_	attests	attest	_	0
_	attracts	attract	_	1
_	attributes	attribute	_	1
_	auctions	auction	_	0
_	auditions	audition	_	0
_	audits	audit	_	0
_	augments	augment	_	0
_	authenticates	authenticate	_	0
_	authorizes	authorize	_	0
_	authors	author	_	1
_	autographs	autograph	_	0
_	automates	automate	_	0
_	avails	avail	_	0
_	avalanches	avalanche	_	0
_	avenges	avenge	_	0
_	averages	average	_	1
_	averts	avert	_	0
_	aviates	aviate	_	0
_	avoids	avoid	_	1
_	avows	avow	_	0
_	awaits	await	_	0
_	awakens	awaken	_	0
_	awakes	awake	_	0
_	awards	award	_	1
_	axes	ax	_	1
_	babbles	babble	_	0
_	babies	baby	_	1
_	backdates	backdate	_	0
_	backfires	backfire	_	0
_	backhands	backhand	_	0
_	backpacks	backpack	_	0
_	backpedals	backpedal	_	0
_	backs	back	_	1
_	backspaces	backspace	_	0
_	backtracks	backtrack	_	0
_	backwashes	backwash	_	0
_	badgers	badger	_	0
_	badmouths	badmouth	_	0
_	baffles	baffle	_	0
_	bags	bag	_	1
_	bails	bail	_	0
_	baits	bait	_	0
_	bakes	bake	_	0
_	balances	balance	_	0
_	bales	bale	_	0
_	balks	balk	_	0
_	balloons	balloon	_	1
_	ballyhooes	ballyhoo	_	0
_	bamboozles	bamboozle	_	0
_	bandages	bandage	_	0
_	bands	band	_	1
_	bangs	bang	_	0
_	banishes	banish	_	0
_	bankrolls	bankroll	_	0
_	bankrupts	bankrupt	_	0
_	banks	bank	_	1
_	bans	ban	_	0
_	banters	banter	_	0
_	baptizes	baptize	_	0
_	barbarizes	barbarize	_	0
_	barbecues	barbecue	_	0
_	bares	bare	_	0
_	bargains	bargain	_	0
_	barges	barge	_	0
_	barks	bark	_	0
_	barnstorms	barnstorm	_	0
_	barrages	barrage	_	0
_	barricades	barricade	_	0
_	bars	bar	_	1
_	barters	barter	_	0
_	bases	base	_	1
_	bashes	bash	_	0
_	basks	bask	_	0
_	bastes	baste	_	0
_	batches	batch	_	0
_	baths	bath	_	1
_	bats	bat	_	1
_	batters	batter	_	0
_	battles	battle	_	1
_	bawls	bawl	_	0
_	beaches	beach	_	1
_	beams	beam	_	1
_	bears	bear	_	1
_	beats	beat	_	1
_	beautifies	beautify	_	0
_	beckons	beckon	_	0
_	becomes	become	_	1
_	bedazzles	bedazzle	_	0
_	bedevils	bedevil	_	0
_	beefs	beef	_	0
_	beeps	beep	_	0
_	befriends	befriend	_	0
_	befuddles	befuddle	_	0
_	begins	begin	_	1
_	begrudges	begrudge	_	0
_	begs	beg	_	1
_	beguiles	beguile	_	0
_	behaves	behave	_	0
_	beholds	behold	_	0
_	behooves	behoove	_	0
_	belabors	belabor	_	0
_	belches	belch	_	0
_	beleaguers	beleaguer	_	0
_	belies	belie	_	0
_	believes	believe	_	1
_	belittles	belittle	_	0
_	bellows	bellow	_	0
_	belongs	belong	_	1
_	belts	belt	_	1
_	bemoans	bemoan	_	0
_	bemuses	bemuse	_	0
_	bends	bend	_	1
_	benefits	benefit	_	1
_	bequeaths	bequeath	_	0
_	berates	berate	_	0
_	bereaves	bereave	_	0
_	besets	beset	_	0
_	besieges	besiege	_	0
_	bestows	bestow	_	0
_	betrays	betray	_	0
_	bets	bet	_	1
_	betters	better	_	0
_	bewilders	bewilder	_	0
_	bewitches	bewitch	_	0
_	bides	bide	_	0
_	bids	bid	_	1
_	billows	billow	_	0
_	bills	bill	_	1
_	binds	bind	_	1
_	bites	bite	_	1
_	blabs	blab	_	0
_	blackens	blacken	_	0
_	blacklists	blacklist	_	0
_	blackmails	blackmail	_	0
_	blames	blame	_	0
_	blasts	blast	_	1
_	blazes	blaze	_	0
_	bleaches	bleach	_	0
_	bleeds	bleed	_	0
_	blends	blend	_	0
_	blesses	bless	_	0
_	blindfolds	blindfold	_	0
_	blinds	blind	_	0
_	blinks	blink	_	0
_	blisters	blister	_	0
_	bloats	bloat	_	0
_	blocks	block	_	1
_	bloodies	bloody	_	0
_	blooms	bloom	_	0
_	blossoms	blossom	_	0
_	blots	blot	_	0
_	blows	blow	_	1
_	blunders	blunder	_	0
_	blunts	blunt	_	0
_	blurs	blur	_	0
_	blurts	blurt	_	0
_	blushes	blush	_	0
_	boards	board	_	1
_	boasts	boast	_	0
_	bobs	bob	_	0
_	bodes	bode	_	0
_	bogs	bog	_	0
_	boils	boil	_	0
_	bolsters	bolster	_	0
_	bolts	bolt	_	1
_	bombards	bombard	_	0
_	bombs	bomb	_	1
_	bonds	bond	_	1
_	books	book	_	1
_	booms	boom	_	0
_	boosts	boost	_	0
_	boots	boot	_	1
_	borders	border	_	1
_	bores	bore	_	0
_	borrows	borrow	_	0
_	bothers	bother	_	0
_	bottles	bottle	_	1
_	bounces	bounce	_	0
_	bounds	bound	_	1
_	bowls	bowl	_	1
_	bows	bow	_	1
_	boxes	box	_	1
_	boycotts	boycott	_	0
_	braces	brace	_	0
_	brags	brag	_	0
_	braids	braid	_	0
_	brakes	brake	_	1
_	branches	branch	_	1
_	brands	brand	_	1
_	braves	brave	_	0
_	brazens	brazen	_	0
_	breaches	breach	_	0
_	breakfasts	breakfast	_	0
_	breaks	break	_	1
_	breathes	breathe	_	0
_	breeds	breed	_	1
_	brews	brew	_	0
_	bribes	bribe	_	1
_	bridges	bridge	_	1
_	briefs	brief	_	1
_	brightens	brighten	_	0
_	brings	bring	_	1
_	bristles	bristle	_	0
_	broaches	broach	_	0
_	broadcasts	broadcast	_	1
_	broadens	broaden	_	0
_	bronzes	bronze	_	0
_	broods	brood	_	0
_	browbeats	browbeat	_	0
_	bruises	bruise	_	0
_	brushes	brush	_	1
_	bubbles	bubble	_	1
_	buckles	buckle	_	0
_	bucks	buck	_	1
_	budges	budge	_	0
_	budgets	budget	_	1
_	buffers	buffer	_	0
_	buffets	buffet	_	0
_	bugs	bug	_	1
_	builds	build	_	1
_	bulges	bulge	_	0
_	bullies	bully	_	0
_	bumbles	bumble	_	0
_	bumps	bump	_	1
_	bunches	bunch	_	0
_	bundles	bundle	_	1
_	buoys	buoy	_	0
_	burdens	burden	_	0
_	burgles	burgle	_	0
_	buries	bury	_	0
_	burns	burn	_	1
_	burps	burp	_	0
_	burrows	burrow	_	0
_	bursts	burst	_	1
_	buses	bus	_	1
_	busies	busy	_	0
_	bustles	bustle	_	0
_	busts	bust	_	0
_	butchers	butcher	_	0
_	butters	butter	_	0
_	buttons	button	_	1
_	buttresses	buttress	_	0
_	butts	butt	_	0
_	buy-backs	buy-back	_	0
_	buys	buy	_	1
_	buzzes	buzz	_	0
_	bypasses	bypass	_	0
_	cackles	cackle	_	0
_	cages	cage	_	1
_	cajoles	cajole	_	0
_	cakes	cake	_	1
_	calculates	calculate	_	0
_	calibrates	calibrate	_	0
_	calls	call	_	1
_	calms	calm	_	0
_	camouflages	camouflage	_	0
_	campaigns	campaign	_	1
_	camps	camp	_	1
_	cancels	cancel	_	0
_	cans	can	_	1
_	canvasses	canvass	_	0
_	capitalizes	capitalize	_	0
_	capitulates	capitulate	_	0
_	caps	cap	_	1
_	capsizes	capsize	_	0
_	captains	captain	_	1
_	captivates	captivate	_	0
_	captures	capture	_	1
_	careens	careen	_	0
_	cares	care	_	1
_	caresses	caress	_	0
_	caricatures	caricature	_	0
_	carpets	carpet	_	0
_	carries	carry	_	1
_	carts	cart	_	1
_	carves	carve	_	0
_	cascades	cascade	_	0
_	cashes	cash	_	0
_	castigates	castigate	_	0
_	casts	cast	_	1
_	catalogs	catalog	_	0
_	catapults	catapult	_	0
_	catches	catch	_	1
_	categorizes	categorize	_	0
_	caters	cater	_	0
_	causes	cause	_	1
_	cautions	caution	_	0
_	caves	cave	_	1
_	ceases	cease	_	0
_	cedes	cede	_	0
_	celebrates	celebrate	_	1
_	cements	cement	_	0
_	censors	censor	_	0
_	censures	censure	_	0
_	centers	center	_	1
_	centralizes	centralize	_	0
_	certifies	certify	_	0
_	chains	chain	_	1
_	chairs	chair	_	1
_	challenges	challenge	_	1
_	champions	champion	_	1
_	chances	chance	_	1
_	changes	change	_	1
_	channels	channel	_	1
_	chants	chant	_	1
_	characterizes	characterize	_	0
_	charges	charge	_	1
_	charms	charm	_	1
_	chars	char	_	0
_	charters	charter	_	0
_	charts	chart	_	1
_	chases	chase	_	0
_	chastens	chasten	_	0
_	chats	chat	_	0
_	chatters	chatter	_	0
_	chauffeurs	chauffeur	_	0
_	cheats	cheat	_	0
_	checks	check	_	1
_	cheers	cheer	_	1
_	cherishes	cherish	_	0
_	chews	chew	_	0
_	chides	chide	_	0
_	chills	chill	_	0
_	chimes	chime	_	0
_	chips	chip	_	1
_	chirps	chirp	_	0
_	chisels	chisel	_	0
_	chokes	choke	_	0
_	chooses	choose	_	1
_	chops	chop	_	0
_	choreographs	choreograph	_	0
_	christens	christen	_	0
_	chronicles	chronicle	_	0
_	chuckles	chuckle	_	0
_	chucks	chuck	_	0
_	churns	churn	_	0
_	cinches	cinch	_	0
_	circles	circle	_	1
_	circulates	circulate	_	0
_	circumscribes	circumscribe	_	0
_	circumvents	circumvent	_	0
_	cites	cite	_	1
_	civilizes	civilize	_	0
_	claims	claim	_	1
_	clambers	clamber	_	0
_	clamps	clamp	_	0
_	claps	clap	_	0
_	clarifies	clarify	_	0
_	clashes	clash	_	1
_	clasps	clasp	_	0
_	classifies	classify	_	0
_	clatters	clatter	_	0
_	claws	claw	_	1
_	cleans	clean	_	0
_	cleanses	cleanse	_	0
_	clears	clear	_	1
_	clenches	clench	_	0
_	clicks	click	_	1
_	climbs	climb	_	1
_	clinches	clinch	_	0
_	clings	cling	_	0
_	clips	clip	_	1
_	cloaks	cloak	_	0
_	clobbers	clobber	_	0
_	clocks	clock	_	1
_	clogs	clog	_	0
_	clones	clone	_	1
_	closes	close	_	1
_	cloths	cloth	_	0
_	clouds	cloud	_	1
_	clubs	club	_	1
_	clusters	cluster	_	1
_	clutches	clutch	_	0
_	clutters	clutter	_	0
_	co-exists	co-exist	_	0
_	co-hosts	co-host	_	0
_	co-produces	co-produce	_	0
_	co-sponsors	co-sponsor	_	0
_	coaches	coach	_	1
_	coats	coat	_	1
_	coaxes	coax	_	0
_	cobbles	cobble	_	0
_	cocks	cock	_	0
_	codes	code	_	1
_	codifies	codify	_	0
_	coerces	coerce	_	0
_	coheres	cohere	_	0
_	coils	coil	_	0
_	coincides	coincide	_	0
_	coins	coin	_	1
_	collaborates	collaborate	_	0
_	collapses	collapse	_	1
_	collates	collate	_	0
_	collects	collect	_	1
_	collides	collide	_	0
_	colonizes	colonize	_	0
_	colors	color	_	1
_	combats	combat	_	0
_	combines	combine	_	1
_	combs	comb	_	0
_	comes	come	_	1
_	comforts	comfort	_	0
_	commandeers	commandeer	_	0
_	commands	command	_	1
_	commemorates	commemorate	_	0
_	commences	commence	_	0
_	commends	commend	_	0
_	comments	comment	_	1
_	commercializes	commercialize	_	0
_	commissions	commission	_	1
_	commits	commit	_	1
_	communicates	communicate	_	0
_	commutes	commute	_	0
_	compacts	compact	_	0
_	compares	compare	_	1
_	compels	compel	_	0
_	compensates	compensate	_	0
_	competes	compete	_	0
_	compiles	compile	_	0
_	complains	complain	_	0
_	complements	complement	_	0
_	completes	complete	_	1
_	complicates	complicate	_	0
_	complies	comply	_	0
_	compliments	compliment	_	0
_	composes	compose	_	0
_	compounds	compound	_	1
_	comprehends	comprehend	_	0
_	compresses	compress	_	0
_	comprises	comprise	_	1
_	compromises	compromise	_	0
_	computerizes	computerize	_	0
_	computes	compute	_	0
_	conceals	conceal	_	0
_	concedes	concede	_	0
_	conceives	conceive	_	0
_	concentrates	concentrate	_	0
_	conceptualizes	conceptualize	_	0
_	concerns	concern	_	1
_	concerts	concert	_	1
_	concludes	conclude	_	1
_	concocts	concoct	_	0
_	concurs	concur	_	0
_	condemns	condemn	_	0
_	condenses	condense	_	0
_	conditions	condition	_	1
_	condones	condone	_	0
_	conducts	conduct	_	1
_	confers	confer	_	0
_	confesses	confess	_	0
_	confides	confide	_	0
_	configures	configure	_	0
_	confines	confine	_	0
_	confirms	confirm	_	1
_	confiscates	confiscate	_	0
_	conflicts	conflict	_	1
_	conforms	conform	_	0
_	confounds	confound	_	0
_	confronts	confront	_	1
_	confuses	confuse	_	0
_	congratulates	congratulate	_	0
_	congregates	congregate	_	0
_	conjures	conjure	_	0
_	connects	connect	_	1
_	connotes	connote	_	0
_	conquers	conquer	_	0
_	cons	con	_	0
_	consecrates	consecrate	_	0
_	consents	consent	_	0
_	conserves	conserve	_	0
_	considers	consider	_	1
_	consigns	consign	_	0
_	consists	consist	_	1
_	consoles	console	_	1
_	consolidates	consolidate	_	0
_	conspires	conspire	_	0
_	constitutes	constitute	_	1
_	constrains	constrain	_	0
_	constricts	constrict	_	0
_	constructs	construct	_	0
_	construes	construe	_	0
_	consults	consult	_	0
_	consumes	consume	_	0
_	contacts	contact	_	1
_	contains	contain	_	1
_	contaminates	contaminate	_	0
_	contemplates	contemplate	_	0
_	contemporizes	contemporize	_	0
_	contends	contend	_	0
_	contents	content	_	1
_	contests	contest	_	1
_	continues	continue	_	1
_	contorts	contort	_	0
_	contracts	contract	_	1
_	contradicts	contradict	_	0
_	contrasts	contrast	_	1
_	contravenes	contravene	_	0
_	contributes	contribute	_	1
_	contrives	contrive	_	0
_	controls	control	_	1
_	convenes	convene	_	0
_	converges	converge	_	0
_	converses	converse	_	0
_	converts	convert	_	1
_	conveys	convey	_	0
_	convicts	convict	_	0
_	convinces	convince	_	0
_	cooks	cook	_	1
_	cools	cool	_	0
_	cooperates	cooperate	_	0
_	coordinates	coordinate	_	1
_	copes	cope	_	0
_	copies	copy	_	1
_	copyrights	copyright	_	0
_	corners	corner	_	1
_	corrals	corral	_	0
_	corrects	correct	_	0
_	correlates	correlate	_	0
_	corresponds	correspond	_	1
_	corroborates	corroborate	_	0
_	corrupts	corrupt	_	0
_	costs	cost	_	1
_	couches	couch	_	0
_	coughs	cough	_	0
_	counsels	counsel	_	0
_	countenances	countenance	_	0
_	counteracts	counteract	_	0
_	counterbalances	counterbalance	_	0
_	counterprograms	counterprogram	_	0
_	counters	counter	_	1
_	counts	count	_	1
_	courts	court	_	1
_	covers	cover	_	1
_	covets	covet	_	0
_	crackles	crackle	_	0
_	cracks	crack	_	1
_	cradles	cradle	_	0
_	crafts	craft	_	1
_	cramps	cramp	_	0
_	crams	cram	_	0
_	cranes	crane	_	0
_	cranks	crank	_	0
_	crashes	crash	_	1
_	craves	crave	_	0
_	crawls	crawl	_	0
_	creaks	creak	_	0
_	creases	crease	_	0
_	creates	create	_	1
_	credits	credit	_	1
_	creeps	creep	_	0
_	cremates	cremate	_	0
_	crests	crest	_	0
_	cries	cry	_	1
_	criminalizes	criminalize	_	0
_	crimps	crimp	_	0
_	cringes	cringe	_	0
_	cripples	cripple	_	0
_	criticizes	criticize	_	0
_	critiques	critique	_	0
_	croaks	croak	_	0
_	crops	crop	_	1
_	cross-examines	cross-examine	_	0
_	crosses	cross	_	1
_	crouches	crouch	_	0
_	crowds	crowd	_	1
_	crowns	crown	_	0
_	crows	crow	_	0
_	cruises	cruise	_	0
_	crumbles	crumble	_	0
_	crumples	crumple	_	0
_	crunches	crunch	_	0
_	crushes	crush	_	0
_	crystallizes	crystallize	_	0
_	cuddles	cuddle	_	0
_	cuffs	cuff	_	0
_	culls	cull	_	0
_	culminates	culminate	_	0
_	cultivates	cultivate	_	0
_	cups	cup	_	1
_	curbs	curb	_	0
_	cures	cure	_	0
_	curls	curl	_	1
_	curries	curry	_	0
_	curses	curse	_	1
_	curtails	curtail	_	0
_	curves	curve	_	1
_	cushions	cushion	_	0
_	customizes	customize	_	0
_	cuts	cut	_	1
_	cycles	cycle	_	1
_	dabbles	dabble	_	0
_	dabs	dab	_	0
_	damages	damage	_	1
_	dampens	dampen	_	0
_	damps	damp	_	0
_	dances	dance	_	1
_	dangles	dangle	_	0
_	dares	dare	_	0
_	darkens	darken	_	0
_	darts	dart	_	1
_	dashes	dash	_	0
_	dates	date	_	1
_	dawns	dawn	_	0
_	dazes	daze	_	0
_	dazzles	dazzle	_	0
_	deadlocks	deadlock	_	0
_	deals	deal	_	1
_	debates	debate	_	1
_	debits	debit	_	0
_	debunks	debunk	_	0
_	debuts	debut	_	0
_	decays	decay	_	0
_	deceives	deceive	_	0
_	decentralizes	decentralize	_	0
_	decides	decide	_	1
_	decimates	decimate	_	0
_	deciphers	decipher	_	0
_	decks	deck	_	1
_	declares	declare	_	1
_	declines	decline	_	1
_	decomposes	decompose	_	0
_	decorates	decorate	_	0
_	decreases	decrease	_	1
_	decrees	decree	_	0
_	dedicates	dedicate	_	0
_	deduces	deduce	_	0
_	deducts	deduct	_	0
_	deeds	deed	_	1
_	deems	deem	_	0
_	deepens	deepen	_	0
_	defaces	deface	_	0
_	defaults	default	_	0
_	defeats	defeat	_	1
_	defects	defect	_	1
_	defends	defend	_	0
_	defers	defer	_	0
_	defies	defy	_	0
_	defines	define	_	1
_	deflates	deflate	_	0
_	deflects	deflect	_	0
_	deforms	deform	_	0
_	defrauds	defraud	_	0
_	defrays	defray	_	0
_	defuses	defuse	_	0
_	degenerates	degenerate	_	0
_	degrades	degrade	_	0
_	dehydrates	dehydrate	_	0
_	delays	delay	_	1
_	delegates	delegate	_	1
_	deletes	delete	_	0
_	deliberates	deliberate	_	0
_	delights	delight	_	0
_	delineates	delineate	_	0
_	delivers	deliver	_	1
_	deludes	delude	_	0
_	delves	delve	_	0
_	demands	demand	_	1
_	demilitarizes	demilitarize	_	0
_	demobilizes	demobilize	_	0
_	democratizes	democratize	_	0
_	demolishes	demolish	_	0
_	demonstrates	demonstrate	_	1
_	demotes	demote	_	0
_	denies	deny	_	1
_	denominates	denominate	_	0
_	denotes	denote	_	1
_	denounces	denounce	_	0
_	dents	dent	_	0
_	denudes	denude	_	0
_	departs	depart	_	0
_	depends	depend	_	1
_	depicts	depict	_	1
_	depletes	deplete	_	0
_	deplores	deplore	_	0
_	deploys	deploy	_	0
_	deports	deport	_	0
_	deposes	depose	_	0
_	deposits	deposit	_	1
_	deprecates	deprecate	_	0
_	depresses	depress	_	0
_	deprives	deprive	_	0
_	derails	derail	_	0
_	deregulates	deregulate	_	0
_	derides	deride	_	0
_	derives	derive	_	1
_	descends	descend	_	0
_	describes	describe	_	1
_	deserts	desert	_	1
_	deserves	deserve	_	1
_	designates	designate	_	0
_	designs	design	_	1
_	desires	desire	_	1
_	desists	desist	_	0
_	despairs	despair	_	0
_	despises	despise	_	0
_	destabilizes	destabilize	_	0
_	destroys	destroy	_	1
_	detaches	detach	_	0
_	details	detail	_	1
_	detains	detain	_	0
_	detects	detect	_	0
_	deteriorates	deteriorate	_	0
_	determines	determine	_	1
_	deters	deter	_	0
_	detests	detest	_	0
_	detonates	detonate	_	0
_	detracts	detract	_	0
_	devalues	devalue	_	0
_	devastates	devastate	_	0
_	develops	develop	_	1
_	deviates	deviate	_	0
_	devises	devise	_	0
_	devolves	devolve	_	0
_	devotes	devote	_	0
_	devours	devour	_	0
_	diagnoses	diagnose	_	0
_	dials	dial	_	0
_	dices	dice	_	0
_	dictates	dictate	_	0
_	dies	die	_	1
_	differentiates	differentiate	_	0
_	differs	differ	_	1
_	diffuses	diffuse	_	0
_	digests	digest	_	0
_	dignifies	dignify	_	0
_	digs	dig	_	0
_	dilapidates	dilapidate	_	0
_	dilates	dilate	_	0
_	dilutes	dilute	_	0
_	diminishes	diminish	_	0
_	dims	dim	_	0
_	dines	dine	_	0
_	dips	dip	_	0
_	directs	direct	_	1
_	disables	disable	_	0
_	disadvantages	disadvantage	_	0
_	disagrees	disagree	_	0
_	disallows	disallow	_	0
_	disappears	disappear	_	1
_	disappoints	disappoint	_	0
_	disapproves	disapprove	_	0
_	disarms	disarm	_	0
_	disassembles	disassemble	_	0
_	disassociates	disassociate	_	0
_	disbands	disband	_	0
_	discards	discard	_	0
_	discerns	discern	_	0
_	discharges	discharge	_	0
_	disciplines	discipline	_	1
_	discloses	disclose	_	0
_	discomfits	discomfit	_	0
_	disconcerts	disconcert	_	0
_	disconnects	disconnect	_	0
_	discontinues	discontinue	_	0
_	discounts	discount	_	0
_	discourages	discourage	_	0
_	discovers	discover	_	1
_	discredits	discredit	_	0
_	discriminates	discriminate	_	0
_	discusses	discuss	_	1
_	disdains	disdain	_	0
_	disembarks	disembark	_	0
_	disengages	disengage	_	0
_	disfigures	disfigure	_	0
_	disgraces	disgrace	_	0
_	disgruntles	disgruntle	_	0
_	disguises	disguise	_	0
_	disgusts	disgust	_	0
_	dishes	dish	_	1
_	dishevels	dishevel	_	0
_	dishonors	dishonor	_	0
_	disillusions	disillusion	_	0
_	disintegrates	disintegrate	_	0
_	disinterests	disinterest	_	0
_	dislikes	dislike	_	0
_	dislocates	dislocate	_	0
_	dislodges	dislodge	_	0
_	dismantles	dismantle	_	0
_	dismays	dismay	_	0
_	dismembers	dismember	_	0
_	dismisses	dismiss	_	0
_	dismounts	dismount	_	0
_	disobeys	disobey	_	0
_	disorders	disorder	_	1
_	disorientates	disorientate	_	0
_	disowns	disown	_	0
_	disparages	disparage	_	0
_	dispatches	dispatch	_	0
_	dispels	dispel	_	0
_	dispenses	dispense	_	0
_	disperses	disperse	_	0
_	displaces	displace	_	0
_	displays	display	_	1
_	displeases	displease	_	0
_	disposes	dispose	_	0
_	dispossesses	dispossess	_	0
_	disproves	disprove	_	0
_	disputes	dispute	_	1
_	disqualifies	disqualify	_	0
_	disregards	disregard	_	0
_	disrespects	disrespect	_	0
_	disrupts	disrupt	_	0
_	dissatisfies	dissatisfy	_	0
_	dissects	dissect	_	0
_	disseminates	disseminate	_	0
_	dissipates	dissipate	_	0
_	dissociates	dissociate	_	0
_	dissolves	dissolve	_	0
_	dissuades	dissuade	_	0
_	distains	distain	_	0
_	distances	distance	_	1
_	distills	distill	_	0
_	distinguishes	distinguish	_	1
_	distorts	distort	_	0
_	distracts	distract	_	0
_	distresses	distress	_	0
_	distributes	distribute	_	0
_	distrusts	distrust	_	0
_	disturbs	disturb	_	0
_	ditches	ditch	_	0
_	diverges	diverge	_	0
_	diversifies	diversify	_	0
_	diverts	divert	_	0
_	dives	dive	_	0
_	divests	divest	_	0
_	divides	divide	_	1
_	divorces	divorce	_	0
_	divulges	divulge	_	0
_	docks	dock	_	1
_	doctors	doctor	_	1
_	documents	document	_	1
_	dodges	dodge	_	0
_	does	do	_	1
_	dogs	dog	_	1
_	doles	dole	_	0
_	domesticates	domesticate	_	0
_	dominates	dominate	_	1
_	donates	donate	_	0
_	dons	don	_	0
_	dooms	doom	_	0
_	dotes	dote	_	0
_	dots	dot	_	1
_	doubles	double	_	1
_	doubts	doubt	_	1
_	douses	douse	_	0
_	downgrades	downgrade	_	0
_	downloads	download	_	1
_	downs	down	_	1
_	downsizes	downsize	_	0
_	dozes	doze	_	0
_	drafts	draft	_	1
_	drags	drag	_	0
_	drains	drain	_	1
_	dramatizes	dramatize	_	0
_	drapes	drape	_	0
_	drawls	drawl	_	0
_	draws	draw	_	1
_	dreads	dread	_	0
_	dreams	dream	_	1
_	dredges	dredge	_	0
_	drenches	drench	_	0
_	dresses	dress	_	1
_	dribbles	dribble	_	0
_	dries	dry	_	0
_	drifts	drift	_	0
_	drills	drill	_	1
_	drinks	drink	_	1
_	drips	drip	_	0
_	drives	drive	_	1
_	drones	drone	_	1
_	droops	droop	_	0
_	drops	drop	_	1
_	drowns	drown	_	0
_	drums	drum	_	1
_	dubs	dub	_	0
_	ducks	duck	_	1
_	dulls	dull	_	0
_	dumps	dump	_	0
_	dupes	dupe	_	0
_	duplicates	duplicate	_	0
_	dusts	dust	_	0
_	dwarfs	dwarf	_	0
_	dwells	dwell	_	0
_	dwindles	dwindle	_	0
_	dyes	dye	_	0
_	earmarks	earmark	_	0
_	earns	earn	_	0
_	eases	ease	_	0
_	eats	eat	_	1
_	eavesdrops	eavesdrop	_	0
_	ebbs	ebb	_	0
_	echoes	echo	_	1
_	eclipses	eclipse	_	0
_	economizes	economize	_	0
_	edges	edge	_	1
_	edits	edit	_	0
_	educates	educate	_	0
_	effaces	efface	_	0
_	effects	effect	_	1
_	ejects	eject	_	0
_	elaborates	elaborate	_	0
_	elapses	elapse	_	0
_	elates	elate	_	0
_	elbows	elbow	_	1
_	electrifies	electrify	_	0
_	elects	elect	_	0
_	elevates	elevate	_	0
_	elicits	elicit	_	0
_	eliminates	eliminate	_	0
_	elongates	elongate	_	0
_	eludes	elude	_	0
_	emaciates	emaciate	_	0
_	emanates	emanate	_	0
_	emasculates	emasculate	_	0
_	embarks	embark	_	0
_	embarrasses	embarrass	_	0
_	embeds	embed	_	0
_	embellishes	embellish	_	0
_	embodies	embody	_	0
_	emboldens	embolden	_	0
_	embosses	emboss	_	0
_	embraces	embrace	_	0
_	embroiders	embroider	_	0
_	emends	emend	_	0
_	emerges	emerge	_	1
_	emigrates	emigrate	_	0
_	emits	emit	_	0
_	emotes	emote	_	0
_	empathizes	empathize	_	0
_	emphasizes	emphasize	_	1
_	emphaticizes	emphaticize	_	0
_	employs	employ	_	1
_	empowers	empower	_	0
_	empties	empty	_	0
_	emulates	emulate	_	0
_	enables	enable	_	1
_	enacts	enact	_	0
_	encapsulates	encapsulate	_	0
_	encases	encase	_	0
_	enchants	enchant	_	0
_	encloses	enclose	_	0
_	encodes	encode	_	0
_	encompasses	encompass	_	1
_	encounters	encounter	_	1
_	encourages	encourage	_	1
_	encroaches	encroach	_	0
_	endangers	endanger	_	0
_	endears	endear	_	0
_	endeavors	endeavor	_	1
_	endorses	endorse	_	0
_	endows	endow	_	0
_	ends	end	_	1
_	endures	endure	_	0
_	enforces	enforce	_	0
_	engages	engage	_	1
_	engenders	engender	_	0
_	engineers	engineer	_	1
_	engraves	engrave	_	0
_	engrosses	engross	_	0
_	engulfs	engulf	_	0
_	enhances	enhance	_	0
_	enjoins	enjoin	_	0
_	enjoys	enjoy	_	1
_	enlarges	enlarge	_	0
_	enlightens	enlighten	_	0
_	enlists	enlist	_	0
_	enlivens	enliven	_	0
_	enmeshes	enmesh	_	0
_	enquires	enquire	_	0
_	enrages	enrage	_	0
_	enriches	enrich	_	0
_	enrolls	enroll	_	0
_	enshrines	enshrine	_	0
_	ensnares	ensnare	_	0
_	ensues	ensue	_	0
_	ensures	ensure	_	1
_	entails	entail	_	0
_	entangles	entangle	_	0
_	enters	enter	_	1
_	entertains	entertain	_	0
_	entices	entice	_	0
_	entitles	entitle	_	0
_	entrenches	entrench	_	0
_	entrusts	entrust	_	0
_	enumerates	enumerate	_	0
_	enunciates	enunciate	_	0
_	envelops	envelop	_	0
_	envies	envy	_	0
_	envisions	envision	_	0
_	epitomizes	epitomize	_	0
_	equalizes	equalize	_	0
_	equals	equal	_	1
_	equates	equate	_	0
_	equips	equip	_	0
_	eradicates	eradicate	_	0
_	erases	erase	_	0
_	erects	erect	_	0
_	erodes	erode	_	0
_	errs	err	_	0
_	erupts	erupt	_	0
_	escalates	escalate	_	0
_	escapes	escape	_	1
_	eschews	eschew	_	0
_	escorts	escort	_	0
_	espouses	espouse	_	0
_	establishes	establish	_	1
_	esteems	esteem	_	0
_	estimates	estimate	_	1
_	estranges	estrange	_	0
_	etches	etch	_	0
_	evacuates	evacuate	_	0
_	evades	evade	_	0
_	evaluates	evaluate	_	0
_	evaporates	evaporate	_	0
_	evens	even	_	0
_	evicts	evict	_	0
_	evidences	evidence	_	0
_	evinces	evince	_	0
_	evokes	evoke	_	0
_	evolves	evolve	_	0
_	exacerbates	exacerbate	_	0
_	exacts	exact	_	0
_	exaggerates	exaggerate	_	0
_	exalts	exalt	_	0
_	examines	examine	_	1
_	exasperates	exasperate	_	0
_	excavates	excavate	_	0
_	exceeds	exceed	_	1
_	excels	excel	_	0
_	excepts	except	_	0
_	exchanges	exchange	_	1
_	excises	excise	_	0
_	excites	excite	_	0
_	exclaims	exclaim	_	0
_	excludes	exclude	_	0
_	excorciates	excorciate	_	0
_	excretes	excrete	_	0
_	excuses	excuse	_	1
_	executes	execute	_	0
_	exemplifies	exemplify	_	0
_	exempts	exempt	_	0
_	exercises	exercise	_	1
_	exerts	exert	_	0
_	exhales	exhale	_	0
_	exhausts	exhaust	_	0
_	exhibits	exhibit	_	1
_	exhilarates	exhilarate	_	0
_	exhorts	exhort	_	0
_	exiles	exile	_	0
_	exists	exist	_	1
_	exits	exit	_	1
_	exorcises	exorcise	_	0
_	expands	expand	_	1
_	expects	expect	_	1
_	expedites	expedite	_	0
_	expels	expel	_	0
_	expends	expend	_	0
_	experiences	experience	_	1
_	experiments	experiment	_	1
_	expires	expire	_	0
_	explains	explain	_	1
_	explodes	explode	_	1
_	exploits	exploit	_	1
_	explores	explore	_	1
_	exports	export	_	1
_	exposes	expose	_	0
_	expounds	expound	_	0
_	expresses	express	_	1
_	expunges	expunge	_	0
_	extends	extend	_	1
_	extinguishes	extinguish	_	0
_	extorts	extort	_	0
_	extracts	extract	_	1
_	extradites	extradite	_	0
_	extricates	extricate	_	0
_	eyes	eye	_	1
_	fabricates	fabricate	_	0
_	faces	face	_	1
_	facilitates	facilitate	_	1
_	factors	factor	_	1
_	fades	fade	_	1
_	fails	fail	_	1
_	faints	faint	_	0
_	fakes	fake	_	0
_	falls	fall	_	1
_	falsifies	falsify	_	0
_	falters	falter	_	0
_	familiarizes	familiarize	_	0
_	fancies	fancy	_	0
_	fans	fan	_	1
_	fantasizes	fantasize	_	0
_	fares	fare	_	1
_	farms	farm	_	1
_	fascinates	fascinate	_	0
_	fashions	fashion	_	0
_	fastens	fasten	_	0
_	fathoms	fathom	_	0
_	fatigues	fatigue	_	0
_	faults	fault	_	1
_	favors	favor	_	1
_	faxes	fax	_	0
_	fears	fear	_	1
_	feathers	feather	_	1
_	features	feature	_	1
_	federates	federate	_	0
_	feeds	feed	_	1
_	feels	feel	_	1
_	feigns	feign	_	0
_	fells	fell	_	0
_	fences	fence	_	1
_	fends	fend	_	0
_	ferments	ferment	_	0
_	ferrets	ferret	_	0
_	ferries	ferry	_	0
_	fertilizes	fertilize	_	0
_	festers	fester	_	0
_	fetches	fetch	_	0
_	fiddles	fiddle	_	0
_	fidgets	fidget	_	0
_	fields	field	_	1
_	fights	fight	_	1
_	figures	figure	_	1
_	files	file	_	1
_	fills	fill	_	1
_	films	film	_	1
_	filters	filter	_	1
_	finalizes	finalize	_	0
_	finances	finance	_	1
_	finds	find	_	1
_	fine-tunines	fine-tune	_	0
_	fines	fine	_	1
_	fingers	finger	_	1
_	finishes	finish	_	1
_	fires	fire	_	1
_	firms	firm	_	1
_	fishes	fish	_	1
_	fits	fit	_	1
_	fixes	fix	_	0
_	flags	flag	_	1
_	flames	flame	_	1
_	flanks	flank	_	0
_	flaps	flap	_	0
_	flares	flare	_	0
_	flashes	flash	_	1
_	flattens	flatten	_	0
_	flatters	flatter	_	0
_	flaunts	flaunt	_	0
_	flavors	flavor	_	1
_	flaws	flaw	_	1
_	flays	flay	_	0
_	flees	flee	_	0
_	flexes	flex	_	0
_	flickers	flicker	_	0
_	flicks	flick	_	0
_	flies	fly	_	1
_	flinches	flinch	_	0
_	flings	fling	_	0
_	flips	flip	_	0
_	flirts	flirt	_	0
_	flits	flit	_	0
_	floats	float	_	1
_	flocks	flock	_	0
_	flogs	flog	_	0
_	floods	flood	_	1
_	floors	floor	_	1
_	flops	flop	_	0
_	flounders	flounder	_	0
_	flourishes	flourish	_	0
_	flouts	flout	_	0
_	flowers	flower	_	1
_	flows	flow	_	1
_	fluctuates	fluctuate	_	0
_	flushes	flush	_	0
_	flusters	fluster	_	0
_	flutters	flutter	_	0
_	focuses	focus	_	1
_	fogs	fog	_	0
_	foils	foil	_	0
_	folds	fold	_	1
_	follows	follow	_	1
_	fools	fool	_	1
_	foots	foot	_	0
_	forbids	forbid	_	0
_	forces	force	_	1
_	fords	ford	_	0
_	forecasts	forecast	_	0
_	foresees	foresee	_	0
_	foreshadows	foreshadow	_	0
_	foretells	foretell	_	0
_	forfeits	forfeit	_	0
_	forges	forge	_	0
_	forgets	forget	_	0
_	forgives	forgive	_	0
_	forgoes	forgo	_	0
_	forks	fork	_	1
_	formalizes	formalize	_	0
_	formats	format	_	1
_	forms	form	_	1
_	formulates	formulate	_	0
_	forsakes	forsake	_	0
_	fortifies	fortify	_	0
_	forwards	forward	_	1
_	fosters	foster	_	0
_	fouls	foul	_	0
_	founds	found	_	0
_	fractures	fracture	_	1
_	fragments	fragment	_	1
_	frames	frame	_	1
_	franchises	franchise	_	1
_	frees	free	_	0
_	freezes	freeze	_	0
_	freights	freight	_	0
_	frequents	frequent	_	0
_	frets	fret	_	0
_	fries	fry	_	1
_	frightens	frighten	_	0
_	frolics	frolic	_	0
_	fronts	front	_	1
_	frosts	frost	_	0
_	frowns	frown	_	0
_	frustrates	frustrate	_	0
_	fudges	fudge	_	0
_	fuels	fuel	_	1
_	fulfills	fulfill	_	0
_	fumbles	fumble	_	0
_	fumes	fume	_	0
_	functions	function	_	1
_	funds	fund	_	1
_	funnels	funnel	_	0
_	furnishes	furnish	_	0
_	furrows	furrow	_	0
_	furthers	further	_	0
_	fusses	fuss	_	0
_	gags	gag	_	0
_	gains	gain	_	1
_	gallops	gallop	_	0
_	galvanizes	galvanize	_	0
_	gambles	gamble	_	0
_	gardens	garden	_	1
_	garners	garner	_	0
_	garnishes	garnish	_	0
_	gasps	gasp	_	0
_	gathers	gather	_	1
_	gauges	gauge	_	0
_	gazes	gaze	_	0
_	gears	gear	_	1
_	genders	gender	_	0
_	generalizes	generalize	_	0
_	generates	generate	_	1
_	gestures	gesture	_	1
_	gets	get	_	1
_	gifts	gift	_	1
_	giggles	giggle	_	0
_	gilds	gild	_	0
_	gives	give	_	1
_	glamorizes	glamorize	_	0
_	glances	glance	_	0
_	glares	glare	_	0
_	glazes	glaze	_	0
_	gleams	gleam	_	0
_	gleans	glean	_	0
_	glides	glide	_	0
_	glimpses	glimpse	_	0
_	glistens	glisten	_	0
_	glitters	glitter	_	0
_	gloats	gloat	_	0
_	glorifies	glorify	_	0
_	glosses	gloss	_	0
_	glows	glow	_	0
_	glues	glue	_	0
_	gluts	glut	_	0
_	gnaws	gnaw	_	0
_	goads	goad	_	0
_	gobbles	gobble	_	0
_	goes	go	_	1
_	gons	gon	_	0
_	gores	gore	_	0
_	gossips	gossip	_	0
_	gouges	gouge	_	0
_	governs	govern	_	0
_	grabs	grab	_	1
_	graces	grace	_	0
_	grades	grade	_	1
_	graduates	graduate	_	1
_	grafts	graft	_	0
_	grants	grant	_	1
_	grapples	grapple	_	0
_	grasps	grasp	_	0
_	grates	grate	_	0
_	gratifies	gratify	_	0
_	grazes	graze	_	0
_	greases	grease	_	0
_	greets	greet	_	0
_	grieves	grieve	_	0
_	grills	grill	_	0
_	grimaces	grimace	_	0
_	grinds	grind	_	0
_	grins	grin	_	0
_	gripes	gripe	_	0
_	grips	grip	_	1
_	grits	grit	_	0
_	groans	groan	_	0
_	grooms	groom	_	0
_	gropes	grope	_	0
_	grounds	ground	_	1
_	groups	group	_	1
_	growls	growl	_	0
_	grows	grow	_	1
_	growths	growth	_	0
_	grumbles	grumble	_	0
_	grunts	grunt	_	0
_	guarantees	guarantee	_	1
_	guards	guard	_	1
_	guesses	guess	_	0
_	guides	guide	_	1
_	gulps	gulp	_	0
_	gushes	gush	_	0
_	guts	gut	_	1
_	guzzles	guzzle	_	0
_	hacks	hack	_	0
_	hails	hail	_	0
_	halts	halt	_	0
_	halves	halve	_	0
_	hammers	hammer	_	0
_	hampers	hamper	_	0
_	handcuffs	handcuff	_	0
_	handicaps	handicap	_	0
_	handles	handle	_	1
_	hands	hand	_	1
_	handwrites	handwrite	_	0
_	hangs	hang	_	1
_	happens	happen	_	1
_	harasses	harass	_	0
_	harbors	harbor	_	0
_	hardens	harden	_	0
_	harms	harm	_	0
_	harnesses	harness	_	0
_	harvests	harvest	_	0
_	hastens	hasten	_	0
_	hatches	hatch	_	0
_	hates	hate	_	1
_	hauls	haul	_	0
_	haunts	haunt	_	0
_	haves	have	_	0
_	headlines	headline	_	1
_	heads	head	_	1
_	heals	heal	_	0
_	heaps	heap	_	0
_	hears	hear	_	1
_	heats	heat	_	1
_	heaves	heave	_	0
_	heckles	heckle	_	0
_	hedges	hedge	_	0
_	heeds	heed	_	0
_	heightens	heighten	_	0
_	helps	help	_	1
_	hems	hem	_	0
_	heralds	herald	_	0
_	herds	herd	_	1
_	hesitates	hesitate	_	0
_	hides	hide	_	1
_	highlights	highlight	_	1
_	hijacks	hijack	_	0
_	hinders	hinder	_	0
_	hinges	hinge	_	0
_	hints	hint	_	1
_	hires	hire	_	1
_	hisses	hiss	_	0
_	hitches	hitch	_	0
_	hits	hit	_	1
_	hobbles	hobble	_	0
_	hoes	hoe	_	0
_	hoists	hoist	_	0
_	holds	hold	_	1
_	holes	hole	_	1
_	hollers	holler	_	0
_	hollows	hollow	_	0
_	homers	homer	_	0
_	hones	hone	_	0
_	honors	honor	_	1
_	hooks	hook	_	1
_	hoots	hoot	_	0
_	hopes	hope	_	1
_	hops	hop	_	0
_	horrifies	horrify	_	0
_	hospitalizes	hospitalize	_	0
_	hosts	host	_	1
_	hounds	hound	_	0
_	houses	house	_	1
_	hovers	hover	_	0
_	howls	howl	_	0
_	huddles	huddle	_	0
_	hugs	hug	_	1
_	humbles	humble	_	0
_	humiliates	humiliate	_	0
_	hums	hum	_	0
_	hunches	hunch	_	0
_	hunts	hunt	_	1
_	hurls	hurl	_	0
_	hurries	hurry	_	0
_	hurtles	hurtle	_	0
_	hurts	hurt	_	1
_	hushes	hush	_	0
_	hustles	hustle	_	0
_	hypnotizes	hypnotize	_	0
_	hypothesizes	hypothesize	_	0
_	ices	ice	_	0
_	idealizes	idealize	_	0
_	identifies	identify	_	1
_	idles	idle	_	0
_	ignites	ignite	_	0
_	ignores	ignore	_	1
_	illuminates	illuminate	_	0
_	illustrates	illustrate	_	1
_	imagines	imagine	_	0
_	imitates	imitate	_	0
_	immerses	immerse	_	0
_	immortalizes	immortalize	_	0
_	impacts	impact	_	1
_	impairs	impair	_	0
_	impales	impale	_	0
_	imparts	impart	_	0
_	impeaches	impeach	_	0
_	impedes	impede	_	0
_	impels	impel	_	0
_	impinges	impinge	_	0
_	implants	implant	_	0
_	implements	implement	_	1
_	implicates	implicate	_	0
_	implies	imply	_	1
_	implores	implore	_	0
_	imports	import	_	1
_	imposes	impose	_	0
_	impounds	impound	_	0
_	impoverishes	impoverish	_	0
_	impresses	impress	_	0
_	imprints	imprint	_	0
_	imprisons	imprison	_	0
_	improves	improve	_	1
_	improvises	improvise	_	0
_	impugns	impugn	_	0
_	imputes	impute	_	0
_	inaugurates	inaugurate	_	0
_	incapacitates	incapacitate	_	0
_	incarcerates	incarcerate	_	0
_	incenses	incense	_	0
_	inches	inch	_	1
_	inclines	incline	_	0
_	includes	include	_	1
_	incorporates	incorporate	_	1
_	increaseds	increased	_	0
_	increases	increase	_	1
_	incubates	incubate	_	0
_	incurs	incur	_	0
_	indebts	indebt	_	0
_	indemnifies	indemnify	_	0
_	indents	indent	_	0
_	indexes	index	_	0
_	indicates	indicate	_	1
_	indicts	indict	_	0
_	individualizes	individualize	_	0
_	induces	induce	_	0
_	indulges	indulge	_	0
_	industrializes	industrialize	_	0
_	infects	infect	_	0
_	infers	infer	_	0
_	infests	infest	_	0
_	infiltrates	infiltrate	_	0
_	inflames	inflame	_	0
_	inflates	inflate	_	0
_	inflicts	inflict	_	0
_	influences	influence	_	1
_	informs	inform	_	1
_	infringes	infringe	_	0
_	infuriates	infuriate	_	0
_	infuses	infuse	_	0
_	ingests	ingest	_	0
_	ingrains	ingrain	_	0
_	ingratiates	ingratiate	_	0
_	inhabits	inhabit	_	0
_	inhales	inhale	_	0
_	inherits	inherit	_	0
_	inhibits	inhibit	_	0
_	initials	initial	_	1
_	initiates	initiate	_	0
_	injects	inject	_	0
_	injures	injure	_	0
_	inlays	inlay	_	0
_	innovates	innovate	_	0
_	inquires	inquire	_	0
_	inscribes	inscribe	_	0
_	inserts	insert	_	0
_	insinuates	insinuate	_	0
_	insists	insist	_	1
_	inspects	inspect	_	0
_	inspires	inspire	_	0
_	installs	install	_	0
_	instigates	instigate	_	0
_	instills	instill	_	0
_	institutes	institute	_	0
_	institutionalizes	institutionalize	_	0
_	instructs	instruct	_	0
_	insulates	insulate	_	0
_	insults	insult	_	1
_	insures	insure	_	0
_	integrates	integrate	_	0
_	intends	intend	_	1
_	intensifies	intensify	_	0
_	intercepts	intercept	_	0
_	interchanges	interchange	_	0
_	interconnects	interconnect	_	0
_	interests	interest	_	1
_	interferes	interfere	_	0
_	interjects	interject	_	0
_	interlaces	interlace	_	0
_	internalizes	internalize	_	0
_	interns	intern	_	0
_	interprets	interpret	_	0
_	interrelates	interrelate	_	0
_	interrogates	interrogate	_	0
_	interrupts	interrupt	_	0
_	intersperses	intersperse	_	0
_	intertwines	intertwine	_	0
_	intervenes	intervene	_	0
_	interviews	interview	_	1
_	intimates	intimate	_	0
_	intimidates	intimidate	_	0
_	intoxicates	intoxicate	_	0
_	intrigues	intrigue	_	0
_	introduces	introduce	_	1
_	intrudes	intrude	_	0
_	inundates	inundate	_	0
_	invades	invade	_	0
_	invalidates	invalidate	_	0
_	inventories	inventory	_	0
_	invents	invent	_	0
_	inverts	invert	_	0
_	investigates	investigate	_	1
_	invests	invest	_	0
_	invites	invite	_	1
_	invokes	invoke	_	0
_	involves	involve	_	1
_	irks	irk	_	0
_	irons	iron	_	0
_	irradiates	irradiate	_	0
_	irritates	irritate	_	0
_	is	are	_	1
_	isolates	isolate	_	0
_	issues	issue	_	1
_	itches	itch	_	0
_	itemizes	itemize	_	0
_	jabs	jab	_	0
_	jacks	jack	_	0
_	jails	jail	_	0
_	jams	jam	_	0
_	jars	jar	_	1
_	jeers	jeer	_	0
_	jeopardizes	jeopardize	_	0
_	jerks	jerk	_	0
_	jettisons	jettison	_	0
_	jogs	jog	_	0
_	joins	join	_	1
_	jokes	joke	_	1
_	jolts	jolt	_	0
_	jostles	jostle	_	0
_	journeys	journey	_	1
_	judges	judge	_	1
_	juggles	juggle	_	0
_	jumbles	jumble	_	0
_	jumps	jump	_	1
_	junks	junk	_	0
_	justifies	justify	_	0
_	juxtaposes	juxtapose	_	0
_	keens	keen	_	0
_	keeps	keep	_	1
_	keys	key	_	1
_	kicks	kick	_	1
_	kidnaps	kidnap	_	0
_	kids	kid	_	1
_	kills	kill	_	1
_	kisses	kiss	_	1
_	kneels	kneel	_	0
_	knights	knight	_	1
_	knits	knit	_	0
_	knocks	knock	_	1
_	knots	knot	_	1
_	knows	know	_	1
_	kowtows	kowtow	_	0
_	labels	label	_	1
_	labors	labor	_	0
_	laces	lace	_	0
_	lacks	lack	_	1
_	lags	lag	_	0
_	laments	lament	_	0
_	laminates	laminate	_	0
_	lands	land	_	1
_	landscapes	landscape	_	1
_	languishes	languish	_	0
_	laps	lap	_	1
_	lapses	lapse	_	0
_	lashes	lash	_	1
_	lasts	last	_	1
_	latches	latch	_	0
_	lauds	laud	_	0
_	laughs	laugh	_	1
_	launches	launch	_	1
_	launders	launder	_	0
_	lavishes	lavish	_	0
_	layers	layer	_	1
_	lays	lay	_	1
_	leaches	leach	_	0
_	leads	lead	_	1
_	leaks	leak	_	1
_	leans	lean	_	1
_	leapfrogs	leapfrog	_	0
_	leaps	leap	_	1
_	learns	learn	_	1
_	leases	lease	_	1
_	leaves	leave	_	1
_	lectures	lecture	_	1
_	leers	leer	_	0
_	legalizes	legalize	_	0
_	legislates	legislate	_	0
_	legitimizes	legitimize	_	0
_	lends	lend	_	0
_	lengthens	lengthen	_	0
_	lessens	lessen	_	0
_	lets	let	_	1
_	levels	level	_	1
_	leverages	leverage	_	0
_	levies	levy	_	0
_	liberalizes	liberalize	_	0
_	liberates	liberate	_	0
_	licenses	license	_	1
_	licks	lick	_	0
_	lies	lie	_	1
_	lifts	lift	_	1
_	lightens	lighten	_	0
_	lights	light	_	1
_	likens	liken	_	0
_	likes	like	_	1
_	limits	limit	_	1
_	limps	limp	_	0
_	lines	line	_	1
_	lingers	linger	_	0
_	links	link	_	1
_	liquefies	liquefy	_	0
_	liquidates	liquidate	_	0
_	listens	listen	_	0
_	lists	list	_	1
_	litigates	litigate	_	0
_	litters	litter	_	0
_	lives	live	_	1
_	loads	load	_	1
_	loans	loan	_	1
_	loaths	loath	_	0
_	lobbies	lobby	_	0
_	lobs	lob	_	0
_	localizes	localize	_	0
_	locates	locate	_	0
_	locks	lock	_	1
_	lodges	lodge	_	0
_	logs	log	_	1
_	longs	long	_	0
_	looks	look	_	1
_	looms	loom	_	0
_	loops	loop	_	1
_	loosens	loosen	_	0
_	looses	loose	_	0
_	loots	loot	_	0
_	loses	lose	_	1
_	lounges	lounge	_	0
_	loves	love	_	1
_	lowers	lower	_	1
_	lulls	lull	_	0
_	lumbers	lumber	_	0
_	lumps	lump	_	0
_	lunches	lunch	_	0
_	lunges	lunge	_	0
_	lurches	lurch	_	0
_	lures	lure	_	0
_	lurks	lurk	_	0
_	magnifies	magnify	_	0
_	mails	mail	_	0
_	maims	maim	_	0
_	maintains	maintain	_	1
_	makes	make	_	1
_	manages	manage	_	1
_	mandates	mandate	_	1
_	maneuvers	maneuver	_	1
_	mangles	mangle	_	0
_	manicures	manicure	_	0
_	manifests	manifest	_	0
_	manipulates	manipulate	_	0
_	mans	man	_	1
_	manufactures	manufacture	_	1
_	maps	map	_	1
_	marches	march	_	1
_	marginalizes	marginalize	_	0
_	markets	market	_	1
_	marks	mark	_	1
_	maroons	maroon	_	0
_	marries	marry	_	0
_	marshals	marshal	_	0
_	marvels	marvel	_	0
_	mashes	mash	_	0
_	masks	mask	_	1
_	massacres	massacre	_	0
_	massages	massage	_	0
_	masses	mass	_	1
_	masterminds	mastermind	_	0
_	masters	master	_	1
_	matches	match	_	1
_	materializes	materialize	_	0
_	matters	matter	_	1
_	matures	mature	_	0
_	mauls	maul	_	0
_	maximizes	maximize	_	0
_	meanders	meander	_	0
_	means	mean	_	1
_	measures	measure	_	1
_	meddles	meddle	_	0
_	mediates	mediate	_	0
_	meets	meet	_	1
_	melds	meld	_	0
_	mellows	mellow	_	0
_	melts	melt	_	0
_	memorizes	memorize	_	0
_	mends	mend	_	0
_	mentions	mention	_	1
_	mentors	mentor	_	0
_	merges	merge	_	0
_	merits	merit	_	1
_	meshes	mesh	_	0
_	mesmerizes	mesmerize	_	0
_	messes	mess	_	0
_	migrates	migrate	_	0
_	militates	militate	_	0
_	milks	milk	_	0
_	mills	mill	_	1
_	mimics	mimic	_	0
_	minces	mince	_	0
_	minds	mind	_	1
_	mines	mine	_	1
_	mingles	mingle	_	0
_	minimizes	minimize	_	0
_	mints	mint	_	0
_	mirrors	mirror	_	1
_	misinterprets	misinterpret	_	0
_	misjudges	misjudge	_	0
_	mislays	mislay	_	0
_	misleads	mislead	_	0
_	misplaces	misplace	_	0
_	misrepresents	misrepresent	_	0
_	misses	miss	_	1
_	misspeaks	misspeak	_	0
_	misspells	misspell	_	0
_	mistakes	mistake	_	1
_	mistreats	mistreat	_	0
_	misuses	misuse	_	0
_	mitigates	mitigate	_	0
_	mixes	mix	_	1
_	moans	moan	_	0
_	mobilizes	mobilize	_	0
_	mobs	mob	_	0
_	mocks	mock	_	0
_	models	model	_	1
_	moderates	moderate	_	0
_	modernizes	modernize	_	0
_	modifies	modify	_	0
_	modulates	modulate	_	0
_	moistens	moisten	_	0
_	molds	mold	_	0
_	mollifies	mollify	_	0
_	monitors	monitor	_	1
_	monopolizes	monopolize	_	0
_	moors	moor	_	0
_	mopes	mope	_	0
_	mops	mop	_	0
_	mortgages	mortgage	_	0
_	mortifies	mortify	_	0
_	motions	motion	_	1
_	motivates	motivate	_	0
_	motorizes	motorize	_	0
_	mounts	mount	_	1
_	mourns	mourn	_	0
_	mouths	mouth	_	1
_	moves	move	_	1
_	mows	mow	_	0
_	muddles	muddle	_	0
_	muffles	muffle	_	0
_	mugs	mug	_	0
_	mulls	mull	_	0
_	multiplies	multiply	_	0
_	mumbles	mumble	_	0
_	murders	murder	_	1
_	murmurs	murmur	_	0
_	muscles	muscle	_	1
_	muses	muse	_	0
_	musters	muster	_	0
_	mutates	mutate	_	0
_	mutes	mute	_	0
_	mutilates	mutilate	_	0
_	mutters	mutter	_	0
_	mystifies	mystify	_	0
_	nabs	nab	_	0
_	nags	nag	_	0
_	nails	nail	_	1
_	names	name	_	1
_	narrates	narrate	_	0
_	narrows	narrow	_	0
_	nationalizes	nationalize	_	0
_	navigates	navigate	_	0
_	naysays	naysay	_	0
_	nears	near	_	0
_	necessitates	necessitate	_	0
_	needles	needle	_	1
_	needs	need	_	1
_	negates	negate	_	0
_	neglects	neglect	_	0
_	negotiates	negotiate	_	0
_	nestles	nestle	_	0
_	nests	nest	_	1
_	nets	net	_	1
_	networks	network	_	1
_	neutralizes	neutralize	_	0
_	nibbles	nibble	_	0
_	nicknames	nickname	_	0
_	nicks	nick	_	0
_	nips	nip	_	0
_	nods	nod	_	1
_	nominates	nominate	_	0
_	normalizes	normalize	_	0
_	noses	nose	_	1
_	notches	notch	_	0
_	notes	note	_	1
_	notices	notice	_	1
_	notifies	notify	_	0
_	nudges	nudge	_	0
_	nullifies	nullify	_	0
_	numbers	number	_	1
_	numbs	numb	_	0
_	nurses	nurse	_	1
_	nurtures	nurture	_	0
_	nuzzles	nuzzle	_	0
_	obeys	obey	_	0
_	obfuscates	obfuscate	_	0
_	objects	object	_	1
_	obliges	oblige	_	0
_	obliterates	obliterate	_	0
_	obscures	obscure	_	0
_	observes	observe	_	1
_	obsesses	obsess	_	0
_	obstructs	obstruct	_	0
_	obtains	obtain	_	0
_	obviates	obviate	_	0
_	occasions	occasion	_	1
_	occupies	occupy	_	1
_	occurs	occur	_	1
_	offends	offend	_	0
_	offers	offer	_	1
_	officiates	officiate	_	0
_	offsets	offset	_	0
_	oils	oil	_	1
_	omits	omit	_	0
_	oozes	ooze	_	0
_	opens	open	_	1
_	operates	operate	_	1
_	opposes	oppose	_	1
_	oppresses	oppress	_	0
_	optimizes	optimize	_	0
_	opts	opt	_	0
_	orchestrates	orchestrate	_	0
_	ordains	ordain	_	0
_	orders	order	_	1
_	organizes	organize	_	0
_	orientates	orientate	_	0
_	originates	originate	_	0
_	ousts	oust	_	0
_	out-smarts	out-smart	_	0
_	out-trades	out-trade	_	0
_	outclasses	outclass	_	0
_	outfits	outfit	_	1
_	outflanks	outflank	_	0
_	outflies	outfly	_	0
_	outlasts	outlast	_	0
_	outlaws	outlaw	_	0
_	outlines	outline	_	1
_	outlives	outlive	_	0
_	outnumbers	outnumber	_	0
_	outpaces	outpace	_	0
_	outperforms	outperform	_	0
_	outrages	outrage	_	0
_	outruns	outrun	_	0
_	outsells	outsell	_	0
_	outshines	outshine	_	0
_	outstretches	outstretch	_	0
_	outstrips	outstrip	_	0
_	outweighs	outweigh	_	0
_	overbids	overbid	_	0
_	overcomes	overcome	_	0
_	overcrowds	overcrowd	_	0
_	overdoes	overdo	_	0
_	overeats	overeat	_	0
_	overemphasizes	overemphasize	_	0
_	overestimates	overestimate	_	0
_	overflows	overflow	_	0
_	overhauls	overhaul	_	0
_	overhears	overhear	_	0
_	overheats	overheat	_	0
_	overlaps	overlap	_	0
_	overloads	overload	_	0
_	overlooks	overlook	_	0
_	overpowers	overpower	_	0
_	overpurchases	overpurchase	_	0
_	overreacts	overreact	_	0
_	overrides	override	_	0
_	overrules	overrule	_	0
_	oversees	oversee	_	1
_	overshadows	overshadow	_	0
_	oversleeps	oversleep	_	0
_	overstates	overstate	_	0
_	overtakes	overtake	_	0
_	overthrows	overthrow	_	0
_	overturns	overturn	_	0
_	overwhelms	overwhelm	_	0
_	owes	owe	_	1
_	owns	own	_	1
_	paces	pace	_	0
_	packages	package	_	1
_	packs	pack	_	1
_	paddles	paddle	_	0
_	pads	pad	_	1
_	pages	page	_	1
_	paints	paint	_	1
_	pairs	pair	_	1
_	pales	pale	_	0
_	palms	palm	_	1
_	pampers	pamper	_	0
_	panels	panel	_	1
_	panics	panic	_	0
_	pans	pan	_	0
_	pants	pant	_	0
_	parachutes	parachute	_	0
_	parades	parade	_	0
_	parallels	parallel	_	1
_	paralyzes	paralyze	_	0
_	parcels	parcel	_	1
_	pardons	pardon	_	0
_	pares	pare	_	0
_	parks	park	_	1
_	parleys	parley	_	0
_	parodies	parody	_	0
_	parries	parry	_	0
_	parrots	parrot	_	0
_	partakes	partake	_	0
_	participates	participate	_	1
_	partitions	partition	_	0
_	partners	partner	_	1
_	parts	part	_	1
_	passes	pass	_	1
_	pastes	paste	_	0
_	patches	patch	_	1
_	patents	patent	_	1
_	patrols	patrol	_	1
_	patronizes	patronize	_	0
_	pats	pat	_	0
_	patterns	pattern	_	1
_	pauses	pause	_	1
_	paves	pave	_	0
_	paws	paw	_	1
_	pays	pay	_	1
_	peaks	peak	_	1
_	pecks	peck	_	0
_	pedals	pedal	_	0
_	peddles	peddle	_	0
_	peels	peel	_	0
_	peeps	peep	_	0
_	peers	peer	_	1
_	pegs	peg	_	0
_	pelts	pelt	_	0
_	penalizes	penalize	_	0
_	pencils	pencil	_	0
_	penetrates	penetrate	_	0
_	peppers	pepper	_	1
_	perceives	perceive	_	0
_	perches	perch	_	0
_	perfects	perfect	_	0
_	performs	perform	_	1
_	perfumes	perfume	_	0
_	perishes	perish	_	0
_	permeates	permeate	_	0
_	permits	permit	_	1
_	perpetrates	perpetrate	_	0
_	perpetuates	perpetuate	_	0
_	perplexes	perplex	_	0
_	persecutes	persecute	_	0
_	perseveres	persevere	_	0
_	persists	persist	_	0
_	personalizes	personalize	_	0
_	personifies	personify	_	0
_	persuades	persuade	_	0
_	perturbs	perturb	_	0
_	peruses	peruse	_	0
_	pervades	pervade	_	0
_	pesters	pester	_	0
_	petitions	petition	_	1
_	petrifies	petrify	_	0
_	phases	phase	_	1
_	phones	phone	_	1
_	photocopies	photocopy	_	0
_	photographs	photograph	_	1
_	phrases	phrase	_	1
_	pickles	pickle	_	0
_	picks	pick	_	1
_	pictures	picture	_	1
_	pieces	piece	_	1
_	pierces	pierce	_	0
_	piles	pile	_	1
_	pilots	pilot	_	1
_	pinches	pinch	_	0
_	pines	pine	_	0
_	pings	ping	_	0
_	pinpoints	pinpoint	_	0
_	pins	pin	_	1
_	pioneers	pioneer	_	1
_	pipes	pipe	_	1
_	pitches	pitch	_	1
_	pities	pity	_	0
_	pits	pit	_	1
_	placates	placate	_	0
_	places	place	_	1
_	plagues	plague	_	0
_	plans	plan	_	1
_	plants	plant	_	1
_	plasters	plaster	_	0
_	plays	play	_	1
_	pleads	plead	_	0
_	pleas	plea	_	1
_	pleases	please	_	0
_	pledges	pledge	_	0
_	plies	ply	_	0
_	plods	plod	_	0
_	plots	plot	_	1
_	plows	plow	_	0
_	plucks	pluck	_	0
_	plugs	plug	_	0
_	plummets	plummet	_	0
_	plumps	plump	_	0
_	plunders	plunder	_	0
_	plunges	plunge	_	0
_	poaches	poach	_	0
_	pockets	pocket	_	1
_	points	point	_	1
_	poises	poise	_	0
_	poisons	poison	_	0
_	pokes	poke	_	0
_	polarizes	polarize	_	0
_	polices	police	_	0
_	polishes	polish	_	0
_	pollinates	pollinate	_	0
_	polls	poll	_	1
_	pollutes	pollute	_	0
_	ponders	ponder	_	0
_	pools	pool	_	1
_	pops	pop	_	1
_	popularizes	popularize	_	0
_	populates	populate	_	0
_	portends	portend	_	0
_	portrays	portray	_	1
_	poses	pose	_	1
_	positions	position	_	1
_	possesses	possess	_	1
_	postpones	postpone	_	0
_	posts	post	_	1
_	postulates	postulate	_	0
_	pots	pot	_	1
_	pounces	pounce	_	0
_	pounds	pound	_	1
_	pours	pour	_	0
_	pouts	pout	_	0
_	powders	powder	_	0
_	powers	power	_	1
_	practices	practice	_	1
_	praises	praise	_	1
_	prays	pray	_	0
_	pre-empts	pre-empt	_	0
_	pre-registers	pre-register	_	0
_	pre-tries	pre-try	_	0
_	preaches	preach	_	0
_	precedes	precede	_	0
_	precipitates	precipitate	_	0
_	precludes	preclude	_	0
_	predetermines	predetermine	_	0
_	predicates	predicate	_	0
_	predicts	predict	_	0
_	predisposes	predispose	_	0
_	preens	preen	_	0
_	prefers	prefer	_	1
_	prejudices	prejudice	_	0
_	premieres	premiere	_	0
_	preoccupies	preoccupy	_	0
_	prepares	prepare	_	1
_	prepays	prepay	_	0
_	presages	presage	_	0
_	prescribes	prescribe	_	0
_	presents	present	_	1
_	preserves	preserve	_	1
_	presides	preside	_	0
_	presses	press	_	1
_	pressures	pressure	_	1
_	pressurizes	pressurize	_	0
_	presumes	presume	_	0
_	presupposes	presuppose	_	0
_	pretends	pretend	_	0
_	prevails	prevail	_	0
_	prevents	prevent	_	1
_	previews	preview	_	0
_	prices	price	_	1
_	pricks	prick	_	0
_	prides	pride	_	0
_	pries	pry	_	0
_	primes	prime	_	0
_	primps	primp	_	0
_	prints	print	_	1
_	privatizes	privatize	_	0
_	prizes	prize	_	1
_	probes	probe	_	0
_	proceeds	proceed	_	1
_	processes	process	_	1
_	proclaims	proclaim	_	0
_	procures	procure	_	0
_	prods	prod	_	0
_	produces	produce	_	1
_	professes	profess	_	0
_	profiles	profile	_	1
_	profits	profit	_	1
_	programs	program	_	1
_	progresses	progress	_	1
_	prohibits	prohibit	_	1
_	projects	project	_	1
_	proliferates	proliferate	_	0
_	prolongs	prolong	_	0
_	promises	promise	_	1
_	promotes	promote	_	1
_	prompts	prompt	_	0
_	pronounces	pronounce	_	0
_	proofreads	proofread	_	0
_	propagates	propagate	_	0
_	propels	propel	_	0
_	prophesizes	prophesize	_	0
_	proposes	propose	_	1
_	props	prop	_	1
_	proscribes	proscribe	_	0
_	prosecutes	prosecute	_	0
_	prospers	prosper	_	0
_	protects	protect	_	1
_	protests	protest	_	1
_	protracts	protract	_	0
_	protrudes	protrude	_	0
_	proves	prove	_	1
_	provides	provide	_	1
_	provokes	provoke	_	0
_	prowls	prowl	_	0
_	prunes	prune	_	0
_	publicizes	publicize	_	0
_	publishes	publish	_	1
_	puckers	pucker	_	0
_	puffs	puff	_	0
_	pulls	pull	_	1
_	pummels	pummel	_	0
_	pumps	pump	_	1
_	punches	punch	_	1
_	punctuates	punctuate	_	0
_	punctures	puncture	_	0
_	punishes	punish	_	0
_	purchases	purchase	_	1
_	purges	purge	_	0
_	purifies	purify	_	0
_	purports	purport	_	0
_	purrs	purr	_	0
_	purses	purse	_	0
_	pursues	pursue	_	0
_	pushes	push	_	1
_	puts	put	_	1
_	puzzles	puzzle	_	1
_	quadruples	quadruple	_	0
_	qualifies	qualify	_	0
_	quantifies	quantify	_	0
_	quarrels	quarrel	_	0
_	quarters	quarter	_	1
_	quashes	quash	_	0
_	quells	quell	_	0
_	quenches	quench	_	0
_	queries	query	_	0
_	questions	question	_	1
_	queues	queue	_	0
_	quickens	quicken	_	0
_	quiets	quiet	_	0
_	quips	quip	_	0
_	quits	quit	_	0
_	quivers	quiver	_	0
_	quizes	quiz	_	0
_	quotes	quote	_	1
_	races	race	_	1
_	racks	rack	_	1
_	radiates	radiate	_	0
_	rages	rage	_	0
_	raids	raid	_	1
_	rains	rain	_	1
_	raises	raise	_	1
_	rakes	rake	_	0
_	rallies	rally	_	1
_	ramps	ramp	_	1
_	rams	ram	_	0
_	ranges	range	_	1
_	ranks	rank	_	1
_	ransacks	ransack	_	0
_	rants	rant	_	0
_	rates	rate	_	1
_	ratifies	ratify	_	0
_	rationalizes	rationalize	_	0
_	rations	ration	_	0
_	rats	rat	_	1
_	rattles	rattle	_	0
_	ravages	ravage	_	0
_	raves	rave	_	0
_	razes	raze	_	0
_	re-emerges	re-emerge	_	0
_	re-enters	re-enter	_	0
_	re-establishes	re-establish	_	0
_	re-evaluates	re-evaluate	_	0
_	re-examines	re-examine	_	0
_	reaches	reach	_	1
_	reacts	react	_	1
_	readmits	readmit	_	0
_	reads	read	_	1
_	reaffirms	reaffirm	_	0
_	realigns	realign	_	0
_	realizes	realize	_	1
_	reappears	reappear	_	0
_	reappraises	reappraise	_	0
_	reaps	reap	_	0
_	rearms	rearm	_	0
_	rearranges	rearrange	_	0
_	rears	rear	_	0
_	reasons	reason	_	1
_	reassembles	reassemble	_	0
_	reasserts	reassert	_	0
_	reassesses	reassess	_	0
_	reassumes	reassume	_	0
_	reassures	reassure	_	0
_	reauthorizes	reauthorize	_	0
_	rebels	rebel	_	1
_	rebounds	rebound	_	1
_	rebuffs	rebuff	_	0
_	rebuilds	rebuild	_	0
_	rebukes	rebuke	_	0
_	rebuts	rebut	_	0
_	recalls	recall	_	1
_	recaptures	recapture	_	0
_	recedes	recede	_	0
_	receives	receive	_	1
_	recesses	recess	_	0
_	recharges	recharge	_	0
_	reciprocates	reciprocate	_	0
_	recites	recite	_	0
_	reckons	reckon	_	0
_	reclaims	reclaim	_	0
_	reclines	recline	_	0
_	recognizes	recognize	_	1
_	recoils	recoil	_	0
_	recollects	recollect	_	0
_	recommends	recommend	_	1
_	reconciles	reconcile	_	0
_	reconfigures	reconfigure	_	0
_	reconnects	reconnect	_	0
_	reconsiders	reconsider	_	0
_	reconstitutes	reconstitute	_	0
_	reconstructs	reconstruct	_	0
_	reconvenes	reconvene	_	0
_	records	record	_	1
_	recounts	recount	_	0
_	recoups	recoup	_	0
_	recovers	recover	_	0
_	recrafts	recraft	_	0
_	recreates	recreate	_	0
_	recruits	recruit	_	1
_	rectifies	rectify	_	0
_	recycles	recycle	_	0
_	reddens	redden	_	0
_	redeems	redeem	_	0
_	redefines	redefine	_	0
_	redesigns	redesign	_	0
_	redevelops	redevelop	_	0
_	redials	redial	_	0
_	redirects	redirect	_	0
_	rediscovers	rediscover	_	0
_	redistributes	redistribute	_	0
_	redoes	redo	_	0
_	redounds	redound	_	0
_	redraws	redraw	_	0
_	reduces	reduce	_	1
_	reels	reel	_	0
_	reestablishes	reestablish	_	0
_	references	reference	_	1
_	refers	refer	_	1
_	refills	refill	_	0
_	refinances	refinance	_	0
_	refines	refine	_	0
_	reflects	reflect	_	1
_	refocuses	refocus	_	0
_	refocuseses	refocuses	_	0
_	reforms	reform	_	1
_	refrains	refrain	_	0
_	refreshes	refresh	_	0
_	refrigerates	refrigerate	_	0
_	refunds	refund	_	0
_	refurbishes	refurbish	_	0
_	refuses	refuse	_	1
_	refutes	refute	_	0
_	regains	regain	_	0
_	regards	regard	_	1
_	regenerates	regenerate	_	0
_	registers	register	_	1
_	regrets	regret	_	1
_	regroups	regroup	_	0
_	regulates	regulate	_	1
_	rehabilitates	rehabilitate	_	0
_	rehearses	rehearse	_	0
_	reignites	reignite	_	0
_	reigns	reign	_	0
_	reimburses	reimburse	_	0
_	reimposes	reimpose	_	0
_	reinforces	reinforce	_	0
_	reins	rein	_	1
_	reinstates	reinstate	_	0
_	reinterprets	reinterpret	_	0
_	reintroduces	reintroduce	_	0
_	reinvents	reinvent	_	0
_	reinvests	reinvest	_	0
_	reinvigorates	reinvigorate	_	0
_	reissues	reissue	_	0
_	reiterates	reiterate	_	0
_	rejects	reject	_	1
_	rejoices	rejoice	_	0
_	rejoins	rejoin	_	0
_	rejuvenates	rejuvenate	_	0
_	rekindles	rekindle	_	0
_	relapses	relapse	_	0
_	relates	relate	_	1
_	relaunches	relaunch	_	0
_	relaxes	relax	_	0
_	relays	relay	_	0
_	releases	release	_	1
_	relegates	relegate	_	0
_	relents	relent	_	0
_	relies	rely	_	1
_	relieves	relieve	_	0
_	relinquishes	relinquish	_	0
_	relishes	relish	_	0
_	relocates	relocate	_	0
_	remains	remain	_	1
_	remakes	remake	_	0
_	remands	remand	_	0
_	remarks	remark	_	1
_	remedies	remedy	_	0
_	remembers	remember	_	1
_	reminds	remind	_	1
_	remits	remit	_	0
_	removes	remove	_	1
_	renames	rename	_	0
_	renders	render	_	0
_	reneges	renege	_	0
_	renegotiates	renegotiate	_	0
_	renews	renew	_	0
_	renounces	renounce	_	0
_	renovates	renovate	_	0
_	rents	rent	_	1
_	reopens	reopen	_	0
_	reorganizes	reorganize	_	0
_	repairs	repair	_	1
_	repatriates	repatriate	_	0
_	repays	repay	_	0
_	repeals	repeal	_	0
_	repeats	repeat	_	1
_	repels	repel	_	0
_	replaces	replace	_	1
_	replasters	replaster	_	0
_	replenishes	replenish	_	0
_	replicates	replicate	_	0
_	replies	reply	_	1
_	reponds	repond	_	0
_	reports	report	_	1
_	repositions	reposition	_	0
_	repossesses	repossess	_	0
_	represents	represent	_	1
_	represses	repress	_	0
_	reprieves	reprieve	_	0
_	reprimands	reprimand	_	0
_	reprints	reprint	_	0
_	reproaches	reproach	_	0
_	reproduces	reproduce	_	0
_	reprograms	reprogram	_	0
_	repulses	repulse	_	0
_	repurchases	repurchase	_	0
_	reputes	repute	_	0
_	requests	request	_	1
_	requires	require	_	1
_	requisitions	requisition	_	0
_	rereads	reread	_	0
_	reschedules	reschedule	_	0
_	rescinds	rescind	_	0
_	rescues	rescue	_	0
_	researches	research	_	0
_	resells	resell	_	0
_	resembles	resemble	_	1
_	resents	resent	_	0
_	reserves	reserve	_	1
_	resets	reset	_	0
_	reshapes	reshape	_	0
_	reshuffles	reshuffle	_	0
_	resides	reside	_	1
_	resigns	resign	_	0
_	resists	resist	_	0
_	resolves	resolve	_	0
_	resorts	resort	_	1
_	respects	respect	_	1
_	responds	respond	_	1
_	restarts	restart	_	0
_	restates	restate	_	0
_	restores	restore	_	0
_	restrains	restrain	_	0
_	restricts	restrict	_	0
_	restructures	restructure	_	0
_	rests	rest	_	1
_	results	result	_	1
_	resumes	resume	_	0
_	resurfaces	resurface	_	0
_	resurrects	resurrect	_	0
_	retails	retail	_	0
_	retains	retain	_	1
_	retakes	retake	_	0
_	retaliates	retaliate	_	0
_	reteaches	reteach	_	0
_	retells	retell	_	0
_	rethinks	rethink	_	0
_	retires	retire	_	0
_	retorts	retort	_	0
_	retraces	retrace	_	0
_	retracts	retract	_	0
_	retreats	retreat	_	0
_	retries	retry	_	0
_	retrieves	retrieve	_	0
_	retrofits	retrofit	_	0
_	returns	return	_	1
_	reunites	reunite	_	0
_	reuses	reuse	_	0
_	revamps	revamp	_	0
_	reveals	reveal	_	1
_	revels	revel	_	0
_	reverberates	reverberate	_	0
_	reveres	revere	_	0
_	reverses	reverse	_	0
_	reverts	revert	_	0
_	reviews	review	_	1
_	reviles	revile	_	0
_	revises	revise	_	0
_	revisits	revisit	_	0
_	revives	revive	_	0
_	revokes	revoke	_	0
_	revolts	revolt	_	0
_	revolutionizes	revolutionize	_	0
_	revolves	revolve	_	0
_	revs	rev	_	0
_	rewards	reward	_	1
_	reworks	rework	_	0
_	rewrites	rewrite	_	0
_	rhymes	rhyme	_	0
_	ribs	rib	_	1
_	riddles	riddle	_	0
_	rides	ride	_	1
_	ridicules	ridicule	_	0
_	rids	rid	_	0
_	rights	right	_	1
_	rigs	rig	_	0
_	rings	ring	_	1
_	rinses	rinse	_	0
_	ripples	ripple	_	0
_	rips	rip	_	0
_	rises	rise	_	1
_	risks	risk	_	1
_	rivals	rival	_	1
_	rivets	rivet	_	0
_	roams	roam	_	0
_	roars	roar	_	0
_	roasts	roast	_	0
_	robs	rob	_	0
_	rockets	rocket	_	1
_	rocks	rock	_	1
_	roils	roil	_	0
_	rolls	roll	_	1
_	romps	romp	_	0
_	roosts	roost	_	0
_	roots	root	_	1
_	ropes	rope	_	1
_	rotates	rotate	_	0
_	rots	rot	_	0
_	rounds	round	_	1
_	rouses	rouse	_	0
_	routes	route	_	1
_	rows	row	_	1
_	rubber-stamps	rubber-stamp	_	0
_	rubs	rub	_	0
_	ruffles	ruffle	_	0
_	ruins	ruin	_	1
_	rules	rule	_	1
_	rumbles	rumble	_	0
_	rummages	rummage	_	0
_	rumples	rumple	_	0
_	runs	run	_	1
_	ruptures	rupture	_	0
_	rushes	rush	_	1
_	rustles	rustle	_	0
_	rusts	rust	_	0
_	sabotages	sabotage	_	0
_	sacks	sack	_	1
_	sacrifices	sacrifice	_	1
_	saddens	sadden	_	0
_	saddles	saddle	_	0
_	safeguards	safeguard	_	0
_	safeties	safety	_	0
_	sags	sag	_	0
_	sails	sail	_	1
_	salts	salt	_	1
_	salutes	salute	_	0
_	salvages	salvage	_	0
_	samples	sample	_	1
_	sanctions	sanction	_	0
_	sandwiches	sandwich	_	1
_	saps	sap	_	0
_	sasses	sass	_	0
_	satisfies	satisfy	_	0
_	saturates	saturate	_	0
_	saunters	saunter	_	0
_	saves	save	_	1
_	savors	savor	_	0
_	saws	saw	_	0
_	says	say	_	1
_	scalds	scald	_	0
_	scales	scale	_	1
_	scampers	scamper	_	0
_	scans	scan	_	1
_	scapes	scape	_	0
_	scares	scare	_	1
_	scars	scar	_	1
_	scatters	scatter	_	0
_	scavenges	scavenge	_	0
_	scents	scent	_	0
_	schedules	schedule	_	1
_	schools	school	_	1
_	scoffs	scoff	_	0
_	scolds	scold	_	0
_	scoops	scoop	_	0
_	scorches	scorch	_	0
_	scores	score	_	1
_	scorns	scorn	_	0
_	scours	scour	_	0
_	scouts	scout	_	1
_	scowls	scowl	_	0
_	scrambles	scramble	_	0
_	scrapes	scrape	_	0
_	scraps	scrap	_	0
_	scratches	scratch	_	1
_	scrawls	scrawl	_	0
_	screams	scream	_	1
_	screeches	screech	_	0
_	screens	screen	_	1
_	screws	screw	_	0
_	scribbles	scribble	_	0
_	scrolls	scroll	_	1
_	scrubs	scrub	_	0
_	scrutinizes	scrutinize	_	0
_	sculpts	sculpt	_	0
_	scurries	scurry	_	0
_	scuttles	scuttle	_	0
_	seals	seal	_	1
_	searches	search	_	1
_	seasons	season	_	1
_	seats	seat	_	1
_	secludes	seclude	_	0
_	secretes	secrete	_	0
_	secures	secure	_	0
_	seduces	seduce	_	0
_	seeds	seed	_	1
_	seeks	seek	_	1
_	seems	seem	_	1
_	seeps	seep	_	0
_	sees	see	_	1
_	seethes	seethe	_	0
_	segments	segment	_	1
_	segregates	segregate	_	0
_	seizes	seize	_	0
_	selects	select	_	1
_	self-reinsures	self-reinsure	_	0
_	sells	sell	_	1
_	sends	send	_	1
_	senses	sense	_	1
_	sensitizes	sensitize	_	0
_	sentences	sentence	_	1
_	separates	separate	_	1
_	sequences	sequence	_	1
_	sequesters	sequester	_	0
_	serves	serve	_	1
_	services	service	_	1
_	sets	set	_	1
_	settles	settle	_	1
_	severs	sever	_	0
_	sews	sew	_	0
_	shades	shade	_	1
_	shadows	shadow	_	1
_	shakes	shake	_	1
_	shames	shame	_	0
_	shapes	shape	_	1
_	shares	share	_	1
_	sharpens	sharpen	_	0
_	shatters	shatter	_	0
_	shaves	shave	_	0
_	shears	shear	_	0
_	sheaths	sheath	_	0
_	sheds	shed	_	1
_	shells	shell	_	1
_	shelters	shelter	_	1
_	shelves	shelve	_	0
_	shepherds	shepherd	_	0
_	shields	shield	_	1
_	shies	shy	_	0
_	shifts	shift	_	1
_	shimmers	shimmer	_	0
_	shines	shine	_	0
_	ships	ship	_	1
_	shirks	shirk	_	0
_	shivers	shiver	_	0
_	shocks	shock	_	1
_	shoe-horns	shoe-horn	_	0
_	shoots	shoot	_	1
_	shops	shop	_	1
_	shores	shore	_	1
_	shorns	shorn	_	0
_	shortens	shorten	_	0
_	shorts	short	_	1
_	shoulders	shoulder	_	1
_	shouts	shout	_	1
_	shoves	shove	_	0
_	showers	shower	_	1
_	shows	show	_	1
_	shreds	shred	_	0
_	shrieks	shriek	_	0
_	shrinks	shrink	_	0
_	shrivels	shrivel	_	0
_	shrouds	shroud	_	0
_	shrugs	shrug	_	0
_	shudders	shudder	_	0
_	shuffles	shuffle	_	0
_	shuns	shun	_	0
_	shunts	shunt	_	0
_	shuts	shut	_	0
_	shutters	shutter	_	0
_	sickens	sicken	_	0
_	sidelines	sideline	_	0
_	sides	side	_	1
_	sidetracks	sidetrack	_	0
_	sidles	sidle	_	0
_	sifts	sift	_	0
_	sighs	sigh	_	0
_	sights	sight	_	1
_	signals	signal	_	1
_	signifies	signify	_	0
_	signs	sign	_	1
_	silences	silence	_	0
_	silhouettes	silhouette	_	0
_	simplifies	simplify	_	0
_	simulates	simulate	_	0
_	singes	singe	_	0
_	singles	single	_	1
_	sings	sing	_	1
_	sinks	sink	_	1
_	sips	sip	_	0
_	sires	sire	_	0
_	sits	sit	_	1
_	situates	situate	_	0
_	sizes	size	_	1
_	sketches	sketch	_	1
_	skews	skew	_	0
_	skids	skid	_	0
_	skims	skim	_	0
_	skins	skin	_	1
_	skippers	skipper	_	0
_	skips	skip	_	0
_	skirts	skirt	_	1
_	skis	ski	_	0
_	slackens	slacken	_	0
_	slacks	slack	_	0
_	slam-dunks	slam-dunk	_	0
_	slams	slam	_	1
_	slants	slant	_	0
_	slaps	slap	_	0
_	slashes	slash	_	0
_	slates	slate	_	0
_	slaughters	slaughter	_	0
_	slays	slay	_	0
_	sleeps	sleep	_	1
_	slices	slice	_	1
_	slides	slide	_	1
_	slings	sling	_	0
_	slinks	slink	_	0
_	slips	slip	_	1
_	slithers	slither	_	0
_	slits	slit	_	0
_	slogs	slog	_	0
_	slopes	slope	_	1
_	slouches	slouch	_	0
_	slows	slow	_	0
_	slugs	slug	_	0
_	slumps	slump	_	0
_	slurs	slur	_	0
_	smacks	smack	_	0
_	smashes	smash	_	0
_	smears	smear	_	0
_	smells	smell	_	1
_	smiles	smile	_	1
_	smirks	smirk	_	0
_	smokes	smoke	_	0
_	smooths	smooth	_	0
_	smothers	smother	_	0
_	smudges	smudge	_	0
_	smuggles	smuggle	_	0
_	snakes	snake	_	1
_	snaps	snap	_	1
_	snares	snare	_	0
_	snarls	snarl	_	0
_	snatches	snatch	_	0
_	sneaks	sneak	_	0
_	sneers	sneer	_	0
_	sneezes	sneeze	_	0
_	snickers	snicker	_	0
_	sniffs	sniff	_	0
_	snoops	snoop	_	0
_	snores	snore	_	0
_	snorts	snort	_	0
_	snows	snow	_	0
_	snubs	snub	_	0
_	snuffs	snuff	_	0
_	snuggles	snuggle	_	0
_	soaks	soak	_	0
_	soars	soar	_	0
_	sobs	sob	_	0
_	socializes	socialize	_	0
_	socks	sock	_	1
_	softens	soften	_	0
_	soils	soil	_	1
_	solicits	solicit	_	0
_	solidifies	solidify	_	0
_	solves	solve	_	0
_	soothes	soothe	_	0
_	sooths	sooth	_	0
_	sorts	sort	_	1
_	sounds	sound	_	1
_	sours	sour	_	0
_	sows	sow	_	0
_	spaces	space	_	1
_	spans	span	_	1
_	spares	spare	_	0
_	sparkles	sparkle	_	0
_	sparks	spark	_	1
_	spatters	spatter	_	0
_	spawns	spawn	_	0
_	speaks	speak	_	1
_	spearheads	spearhead	_	0
_	spears	spear	_	1
_	specializes	specialize	_	0
_	specifies	specify	_	1
_	speckles	speckle	_	0
_	speculates	speculate	_	0
_	speeds	speed	_	1
_	spells	spell	_	1
_	spends	spend	_	1
_	spices	spice	_	1
_	spies	spy	_	1
_	spikes	spike	_	1
_	spills	spill	_	0
_	spins	spin	_	1
_	spirals	spiral	_	0
_	spirits	spirit	_	1
_	spites	spite	_	0
_	spits	spit	_	0
_	splashes	splash	_	0
_	splatters	splatter	_	0
_	splices	splice	_	0
_	splinters	splinter	_	0
_	splits	split	_	1
_	splutters	splutter	_	0
_	spoils	spoil	_	0
_	sponsors	sponsor	_	1
_	spoons	spoon	_	0
_	sports	sport	_	1
_	spotlights	spotlight	_	0
_	spots	spot	_	1
_	sprawls	sprawl	_	0
_	sprays	spray	_	0
_	spreads	spread	_	1
_	springs	spring	_	1
_	sprinkles	sprinkle	_	0
_	sprints	sprint	_	0
_	sprouts	sprout	_	0
_	spruces	spruce	_	0
_	spurns	spurn	_	0
_	spurs	spur	_	0
_	spurts	spurt	_	0
_	squanders	squander	_	0
_	squares	square	_	1
_	squashes	squash	_	0
_	squats	squat	_	0
_	squeaks	squeak	_	0
_	squeals	squeal	_	0
_	squeezes	squeeze	_	0
_	squints	squint	_	0
_	squirms	squirm	_	0
_	squirts	squirt	_	0
_	stabilizes	stabilize	_	0
_	stables	stable	_	0
_	stabs	stab	_	0
_	stacks	stack	_	1
_	staffs	staff	_	0
_	stages	stage	_	1
_	staggers	stagger	_	0
_	stains	stain	_	1
_	stakes	stake	_	1
_	stalks	stalk	_	0
_	stalls	stall	_	1
_	stammers	stammer	_	0
_	stampedes	stampede	_	0
_	stamps	stamp	_	1
_	stanches	stanch	_	0
_	standardizes	standardize	_	0
_	stands	stand	_	1
_	stares	stare	_	1
_	stars	star	_	1
_	startles	startle	_	0
_	starts	start	_	1
_	starves	starve	_	0
_	stashes	stash	_	0
_	states	state	_	1
_	stations	station	_	1
_	staunches	staunch	_	0
_	staves	stave	_	0
_	stays	stay	_	1
_	steadies	steady	_	0
_	steals	steal	_	1
_	steams	steam	_	0
_	steers	steer	_	0
_	stems	stem	_	1
_	steps	step	_	1
_	stereotypes	stereotype	_	0
_	sterilizes	sterilize	_	0
_	sticks	stick	_	1
_	stiffens	stiffen	_	0
_	stifles	stifle	_	0
_	stimulates	stimulate	_	0
_	stings	sting	_	0
_	stinks	stink	_	0
_	stipulates	stipulate	_	0
_	stirs	stir	_	0
_	stitches	stitch	_	1
_	stockpiles	stockpile	_	0
_	stocks	stock	_	1
_	stomaches	stomach	_	0
_	stomps	stomp	_	0
_	stones	stone	_	1
_	stoops	stoop	_	0
_	stops	stop	_	1
_	stores	store	_	1
_	storms	storm	_	1
_	stows	stow	_	0
_	straddles	straddle	_	0
_	strafes	strafe	_	0
_	straightens	straighten	_	0
_	strains	strain	_	1
_	strands	strand	_	1
_	strangles	strangle	_	0
_	straps	strap	_	1
_	strategizes	strategize	_	0
_	stratifies	stratify	_	0
_	strays	stray	_	0
_	streaks	streak	_	1
_	streamlines	streamline	_	0
_	streams	stream	_	1
_	streetspeaks	streetspeak	_	0
_	strengthens	strengthen	_	0
_	stresses	stress	_	1
_	stretches	stretch	_	1
_	strides	stride	_	1
_	strikes	strike	_	1
_	strings	string	_	1
_	strips	strip	_	1
_	strives	strive	_	0
_	strokes	stroke	_	1
_	strolls	stroll	_	0
_	structures	structure	_	1
_	struggles	struggle	_	1
_	struts	strut	_	0
_	stubs	stub	_	0
_	studies	study	_	1
_	stuffs	stuff	_	0
_	stumbles	stumble	_	0
_	stumps	stump	_	0
_	stuns	stun	_	0
_	stunts	stunt	_	1
_	stutters	stutter	_	0
_	styles	style	_	1
_	stylizes	stylize	_	0
_	subcontracts	subcontract	_	0
_	subdivides	subdivide	_	0
_	subdues	subdue	_	0
_	subjects	subject	_	1
_	sublets	sublet	_	0
_	submerges	submerge	_	0
_	submits	submit	_	0
_	subordinates	subordinate	_	0
_	subpoenas	subpoena	_	0
_	subscribes	subscribe	_	0
_	subsides	subside	_	0
_	subsidizes	subsidize	_	0
_	substantiates	substantiate	_	0
_	substitutes	substitute	_	1
_	subsumes	subsume	_	0
_	subtracts	subtract	_	0
_	subverts	subvert	_	0
_	succeeds	succeed	_	1
_	succumbs	succumb	_	0
_	sucks	suck	_	1
_	sues	sue	_	0
_	suffers	suffer	_	1
_	suffices	suffice	_	0
_	suffocates	suffocate	_	0
_	suggests	suggest	_	1
_	suits	suit	_	1
_	summarizes	summarize	_	0
_	summons	summon	_	1
_	sums	sum	_	1
_	superimposes	superimpose	_	0
_	supersedes	supersede	_	0
_	supervises	supervise	_	0
_	supplants	supplant	_	0
_	supplements	supplement	_	1
_	supplies	supply	_	1
_	supports	support	_	1
_	supposes	suppose	_	0
_	suppresses	suppress	_	0
_	surfaces	surface	_	1
_	surges	surge	_	0
_	surmises	surmise	_	0
_	surmounts	surmount	_	0
_	surpasses	surpass	_	0
_	surprises	surprise	_	1
_	surrenders	surrender	_	0
_	surrounds	surround	_	1
_	surveys	survey	_	1
_	survives	survive	_	1
_	suspects	suspect	_	1
_	suspends	suspend	_	0
_	sustains	sustain	_	0
_	swaggers	swagger	_	0
_	swallows	swallow	_	0
_	swamps	swamp	_	0
_	swaps	swap	_	0
_	swarms	swarm	_	0
_	sways	sway	_	0
_	swears	swear	_	0
_	sweats	sweat	_	0
_	sweeps	sweep	_	1
_	sweetens	sweeten	_	0
_	swells	swell	_	0
_	swerves	swerve	_	0
_	swims	swim	_	0
_	swings	swing	_	1
_	swirls	swirl	_	0
_	switches	switch	_	1
_	swivels	swivel	_	0
_	swoops	swoop	_	0
_	symbolizes	symbolize	_	0
_	sympathizes	sympathize	_	0
_	synthesizes	synthesize	_	0
_	systematizes	systematize	_	0
_	systemizes	systemize	_	0
_	tables	table	_	1
_	tabulates	tabulate	_	0
_	tackles	tackle	_	1
_	tacks	tack	_	0
_	tags	tag	_	1
_	tailors	tailor	_	0
_	tails	tail	_	1
_	taints	taint	_	0
_	takes	take	_	1
_	talks	talk	_	1
_	tames	tame	_	0
_	tampers	tamper	_	0
_	tandies	tandy	_	0
_	tangles	tangle	_	0
_	tans	tan	_	0
_	tapers	taper	_	0
_	tapes	tape	_	1
_	taps	tap	_	1
_	targets	target	_	1
_	tarnishes	tarnish	_	0
_	tastes	taste	_	1
_	tatters	tatter	_	0
_	taunts	taunt	_	0
_	taxes	tax	_	1
_	teaches	teach	_	1
_	teams	team	_	1
_	tears	tear	_	1
_	teases	tease	_	0
_	telephones	telephone	_	0
_	televises	televise	_	0
_	tells	tell	_	1
_	tempts	tempt	_	0
_	tenders	tender	_	0
_	tends	tend	_	1
_	tenses	tense	_	0
_	terminates	terminate	_	0
_	terms	term	_	1
_	terrifies	terrify	_	0
_	terrorizes	terrorize	_	0
_	test-drives	test-drive	_	0
_	testifies	testify	_	0
_	tests	test	_	1
_	tethers	tether	_	0
_	textures	texture	_	1
_	thanks	thank	_	1
_	thatches	thatch	_	0
_	thaws	thaw	_	0
_	theorizes	theorize	_	0
_	thes	the	_	0
_	thickens	thicken	_	0
_	thinks	think	_	1
_	thins	thin	_	0
_	thrashes	thrash	_	0
_	threads	thread	_	1
_	threatens	threaten	_	1
_	thrills	thrill	_	0
_	thrives	thrive	_	0
_	throbs	throb	_	0
_	throws	throw	_	1
_	thrusts	thrust	_	0
_	thuds	thud	_	0
_	thumbs	thumb	_	1
_	thumps	thump	_	0
_	thunders	thunder	_	0
_	thwarts	thwart	_	0
_	tickles	tickle	_	0
_	ticks	tick	_	0
_	ties	tie	_	1
_	tightens	tighten	_	0
_	tiles	tile	_	1
_	tills	till	_	0
_	tilts	tilt	_	0
_	times	time	_	1
_	tinges	tinge	_	0
_	tingles	tingle	_	0
_	tints	tint	_	0
_	tips	tip	_	1
_	tiptoes	tiptoe	_	0
_	tires	tire	_	1
_	titles	title	_	1
_	toasts	toast	_	0
_	toils	toil	_	0
_	tolerates	tolerate	_	0
_	tones	tone	_	1
_	topples	topple	_	0
_	tops	top	_	1
_	torments	torment	_	0
_	torpedoes	torpedo	_	0
_	tortures	torture	_	0
_	tosses	toss	_	0
_	totals	total	_	1
_	totters	totter	_	0
_	touches	touch	_	1
_	toughens	toughen	_	0
_	toughs	tough	_	0
_	tours	tour	_	1
_	touts	tout	_	0
_	towers	tower	_	1
_	tows	tow	_	0
_	toys	toy	_	1
_	traces	trace	_	1
_	tracks	track	_	1
_	trades	trade	_	1
_	traduces	traduce	_	0
_	trails	trail	_	1
_	trains	train	_	1
_	tramples	trample	_	0
_	tramps	tramp	_	0
_	transacts	transact	_	0
_	transcends	transcend	_	0
_	transcribes	transcribe	_	0
_	transfers	transfer	_	1
_	transfixes	transfix	_	0
_	transforms	transform	_	1
_	translates	translate	_	1
_	transmits	transmit	_	0
_	transmutes	transmute	_	0
_	transpires	transpire	_	0
_	transplants	transplant	_	0
_	transports	transport	_	1
_	transposes	transpose	_	0
_	traps	trap	_	1
_	trashes	trash	_	0
_	travels	travel	_	1
_	traverses	traverse	_	0
_	treads	tread	_	0
_	treasures	treasure	_	1
_	treats	treat	_	1
_	trembles	tremble	_	0
_	trends	trend	_	1
_	trickles	trickle	_	0
_	tricks	trick	_	1
_	tries	try	_	1
_	triggers	trigger	_	1
_	trims	trim	_	0
_	triples	triple	_	0
_	trips	trip	_	1
_	triumphs	triumph	_	0
_	trivializes	trivialize	_	0
_	trots	trot	_	0
_	troubles	trouble	_	1
_	troubleshoots	troubleshoot	_	0
_	trudges	trudge	_	0
_	truncates	truncate	_	0
_	trusses	truss	_	0
_	trusts	trust	_	1
_	tucks	tuck	_	0
_	tugs	tug	_	0
_	tumbles	tumble	_	0
_	tunes	tune	_	1
_	turns	turn	_	1
_	tutors	tutor	_	0
_	twinkles	twinkle	_	0
_	twirls	twirl	_	0
_	twists	twist	_	1
_	twitches	twitch	_	0
_	types	type	_	1
_	typifies	typify	_	0
_	unarms	unarm	_	0
_	unbalances	unbalance	_	0
_	unblocks	unblock	_	0
_	unbuttons	unbutton	_	0
_	uncovers	uncover	_	0
_	undercuts	undercut	_	0
_	underestimates	underestimate	_	0
_	undergoes	undergo	_	0
_	underlies	underlie	_	0
_	underlines	underline	_	0
_	undermines	undermine	_	0
_	underperforms	underperform	_	0
_	underpins	underpin	_	0
_	underscores	underscore	_	0
_	understands	understand	_	1
_	understates	understate	_	0
_	undertakes	undertake	_	0
_	undervalues	undervalue	_	0
_	underwrites	underwrite	_	0
_	undoes	undo	_	0
_	undresses	undress	_	0
_	undulates	undulate	_	0
_	unearths	unearth	_	0
_	unfastens	unfasten	_	0
_	unfolds	unfold	_	0
_	unfurls	unfurl	_	0
_	unifies	unify	_	0
_	unites	unite	_	0
_	unleashes	unleash	_	0
_	unloads	unload	_	0
_	unlocks	unlock	_	0
_	unmasks	unmask	_	0
_	unpacks	unpack	_	0
_	unplugs	unplug	_	0
_	unravels	unravel	_	0
_	unrolls	unroll	_	0
_	unties	untie	_	0
_	unveils	unveil	_	0
_	unwinds	unwind	_	0
_	unwraps	unwrap	_	0
_	unzips	unzip	_	0
_	updates	update	_	1
_	upgrades	upgrade	_	1
_	upholds	uphold	_	0
_	upholsters	upholster	_	0
_	uproots	uproot	_	0
_	ups	up	_	1
_	upsets	upset	_	0
_	upstages	upstage	_	0
_	urges	urge	_	1
_	uses	use	_	1
_	ushers	usher	_	0
_	usurps	usurp	_	0
_	utilizes	utilize	_	1
_	utters	utter	_	0
_	vacates	vacate	_	0
_	vaccinates	vaccinate	_	0
_	vacillates	vacillate	_	0
_	vacuums	vacuum	_	0
_	validates	validate	_	0
_	values	value	_	1
_	vandalizes	vandalize	_	0
_	vanishes	vanish	_	0
_	varies	vary	_	1
_	varnishes	varnish	_	0
_	vaults	vault	_	0
_	veers	veer	_	0
_	vegetates	vegetate	_	0
_	venerates	venerate	_	0
_	ventilates	ventilate	_	0
_	vents	vent	_	1
_	ventures	venture	_	1
_	verbalizes	verbalize	_	0
_	verifies	verify	_	0
_	vests	vest	_	0
_	vetoes	veto	_	0
_	vets	vet	_	0
_	vibrates	vibrate	_	0
_	victimizes	victimize	_	0
_	views	view	_	1
_	vindicates	vindicate	_	0
_	violates	violate	_	0
_	visits	visit	_	1
_	visualizes	visualize	_	0
_	vitiates	vitiate	_	0
_	voices	voice	_	1
_	voids	void	_	0
_	volunteers	volunteer	_	1
_	vomits	vomit	_	0
_	votes	vote	_	1
_	vows	vow	_	1
_	waddles	waddle	_	0
_	wades	wade	_	0
_	wads	wad	_	0
_	wages	wage	_	1
_	wags	wag	_	0
_	wails	wail	_	0
_	waits	wait	_	1
_	waives	waive	_	0
_	wakens	waken	_	0
_	wakes	wake	_	1
_	walks	walk	_	1
_	walls	wall	_	1
_	wanders	wander	_	0
_	wanes	wane	_	0
_	wants	want	_	1
_	wards	ward	_	1
_	warms	warm	_	0
_	warns	warn	_	1
_	warps	warp	_	0
_	warrants	warrant	_	0
_	was	were	_	1
_	washes	wash	_	0
_	wastes	waste	_	0
_	watches	watch	_	1
_	waterlogs	waterlog	_	0
_	waters	water	_	1
_	wavers	waver	_	0
_	waves	wave	_	1
_	waxes	wax	_	0
_	weakens	weaken	_	0
_	weans	wean	_	0
_	wears	wear	_	1
_	weathers	weather	_	0
_	weaves	weave	_	0
_	wedges	wedge	_	0
_	weds	wed	_	0
_	weeps	weep	_	0
_	weighs	weigh	_	1
_	weights	weight	_	1
_	welcomes	welcome	_	0
_	welds	weld	_	0
_	whacks	whack	_	0
_	wheels	wheel	_	1
_	whimpers	whimper	_	0
_	whines	whine	_	0
_	whips	whip	_	0
_	whirls	whirl	_	0
_	whisks	whisk	_	0
_	whispers	whisper	_	1
_	whistles	whistle	_	0
_	whitens	whiten	_	0
_	whitewashes	whitewash	_	0
_	whittles	whittle	_	0
_	widens	widen	_	0
_	wields	wield	_	0
_	wiggles	wiggle	_	0
_	wills	will	_	1
_	wimps	wimp	_	0
_	winces	wince	_	0
_	winds	wind	_	1
_	winks	wink	_	0
_	wins	win	_	1
_	wipes	wipe	_	0
_	wires	wire	_	1
_	wishes	wish	_	1
_	withdraws	withdraw	_	0
_	withers	wither	_	0
_	withholds	withhold	_	0
_	withstands	withstand	_	0
_	witnesses	witness	_	1
_	wobbles	wobble	_	0
_	wonders	wonder	_	1
_	wooes	woo	_	0
_	words	word	_	1
_	works	work	_	1
_	worries	worry	_	1
_	worsens	worsen	_	0
_	worships	worship	_	0
_	wounds	wound	_	1
_	wraps	wrap	_	1
_	wreaks	wreak	_	0
_	wrecks	wreck	_	0
_	wrenches	wrench	_	0
_	wrestles	wrestle	_	0
_	wrests	wrest	_	0
_	wriggles	wriggle	_	0
_	wrings	wring	_	0
_	wrinkles	wrinkle	_	0
_	writes	write	_	1
_	writhes	writhe	_	0
_	x-rays	x-ray	_	0
_	yaks	yak	_	0
_	yanks	yank	_	0
_	yawns	yawn	_	0
_	yearns	yearn	_	0
_	yells	yell	_	1
_	yelps	yelp	_	0
_	yields	yield	_	1
_	zaps	zap	_	0
_	zeroes	zero	_	0
_	zips	zip	_	0
_	zooms	zoom	_	0
